anio;trimestre;provincia;media_bajada_mbps;adsl;cablemodem;fibra_optica;wireless;otras_tecnologias;total_tecnologia;512kbps;512kbps_1mbps;1mbps_6mbps;6mbps_10mbps;10mbps_20mbps;20mbps_30mbps;30mbps;otras_velocidades;total_velocidad;accesos_100_hogares
2022;3;Buenos Aires;70;339648;2748325;1436433;126846;70416;4721668;29985;27709;290315;297915;267044;12419;3618689;650821;4721668;78.11
2022;3;Capital Federal;101;140791;1240125;129218;5758;31787;1547679;5170;5742;34371;67829;51946;28692;1253105;1050477;1547679;122.28
2022;3;Catamarca;61;10010;10495;46224;1329;2235;70293;710;3840;3107;5389;5099;3737;50298;20208;70293;65.33
2022;3;Chaco;53;27164;61800;44645;8178;2359;144146;4610;9870;16782;18938;8049;15828;79390;30711;144146;43.86
2022;3;Chubut;16;45377;72212;9574;29784;8831;165778;1090;1444;45707;3094;34682;15309;17563;200024;165778;84.38
2022;3;Cordoba;56;163770;465461;338570;6107;9797;1038668;990;11312;153324;111615;70989;27112;650344;130873;1038668;88.31
2022;3;Corrientes;45;36508;77140;18619;7256;5323;144846;670;3865;23427;23948;7776;21706;56950;70107;144846;48.21
2022;3;Entre Rios;42;60345;132952;36971;26098;12593;268959;1070;5549;47210;46855;18263;32021;102195;160759;268959;63.67
2022;3;Formosa;30;14470;25880;11041;16935;2120;68538;970;3070;23538;19545;6194;5640;17704;58900;68538;43.76
2022;3;Jujuy;32;19257;52978;40172;4033;2383;118823;580;1879;19135;15254;36083;5190;45895;0;118823;58.91
2022;3;La Pampa;18;7796;60078;23551;20216;4451;116092;680;1887;61540;9653;11592;5609;22731;30012;116092;96.59
2022;3;La Rioja;44;6842;53899;19697;6395;310;86864;180;6890;2842;3375;24219;5331;50390;0;86864;80.66
2022;3;Mendoza;34;37659;78858;142615;27625;2766;289523;1030;2953;44232;21977;48201;17243;150043;40771;289523;51.03
2022;3;Misiones;49;35513;88902;39046;11074;7622;182157;510;3749;36628;20758;12676;19615;80330;8035;182157;51.82
2022;3;Neuquen;48;29352;75815;29396;27482;1116;163161;1340;9910;38485;1408;92;67;78713;140858;163161;80.37
2022;3;Rio Negro;34;35552;48260;41017;1676;18969;160558;1110;1221;32936;1786;27934;13629;42596;240271;160558;67.98
2022;3;Salta;41;40006;96984;50254;10082;7215;204541;1140;149;32923;71199;5662;1001;85661;60491;204541;57.76
2022;3;San Juan;16;38570;22723;12328;2186;7918;103399;240;2027;30324;11247;22157;678;19221;110619;103399;50.8
2022;3;San Luis;19;6860;29363;248;70614;14985;122070;600;3070;6563;20813;12061;67438;13;140815;122070;81.74
2022;3;Santa Cruz;13;10170;24047;10815;3896;5820;49510;520;6841;12342;11313;11378;2333;4604;64700;49510;43.19
2022;3;Santa Fe;45;183740;426255;215189;43079;19547;887810;4680;11132;132709;198588;70897;57455;396352;200209;887810;78.55
2022;3;Santiago Del Estero;18;15385;80937;13170;6618;2922;119032;1780;1384;28357;58982;16087;9100;12342;79200;119032;47.98
2022;3;Tierra Del Fuego;11;12754;39963;403;1250;6510;53896;220;8310;12002;14815;20102;1752;1021;30351;53896;99.51
2022;3;Tucuman;53;77738;18518;162345;3997;5190;263117;390;2047;32571;39018;25214;4348;159600;28000;263117;61.14
2022;2;Buenos Aires;66;350652;2719613;1399043;126847;71028;4667183;30639;28323;295238;307554;273954;129869;3535757;650849;4667183;77.58
2022;2;Capital Federal;94;145491;1232226;121506;5757;31791;1536771;5170;598;36036;72434;55372;31571;1229254;1050607;1536771;121.31
2022;2;Catamarca;57;11928;9430;42087;1329;2234;67008;710;4130;3678;6155;7165;3393;43926;20207;67008;62.4
2022;2;Chaco;51;29552;61284;42194;8178;2356;143564;4610;1047;17603;20109;8391;15974;76271;30708;143564;43.79
2022;2;Chubut;15;45377;69242;9574;29784;8828;162805;1090;1444;45804;31217;3429;14526;15394;200021;162805;83.19
2022;2;Cordoba;54;179181;467595;308895;61107;9657;1026435;990;11971;160486;120485;71923;28645;619400;130426;1026435;87.48
2022;2;Corrientes;43;38468;75769;18181;7256;5323;144997;670;3937;24253;24842;8001;21719;55071;70107;144997;48.35
2022;2;Entre Rios;40;63794;131029;35839;26098;12592;269352;1070;5656;48637;48557;18512;32355;98769;160759;269352;63.9
2022;2;Formosa;28;15397;25487;9875;1691;2120;67881;970;4070;23834;19706;633;5910;16326;59000;67881;43.42
2022;2;Jujuy;29;20303;54495;34184;3955;2377;115314;580;1829;19458;1579;37786;5490;37391;20453;115314;57.32
2022;2;La Pampa;16;7796;59273;22994;202;1264;111527;680;1887;62546;9842;118;5247;17125;30012;111527;92.98
2022;2;La Rioja;43;7759;52656;19189;6395;310;86030;180;7280;3179;389;23814;5481;48920;0;86030;80.14
2022;2;Mendoza;30;37663;77504;135504;26964;1927;279562;1030;2954;44961;22557;64138;19543;121366;3094;279562;49.39
2022;2;Misiones;46;37208;89260;33649;11074;7622;178813;510;3808;37254;21712;12774;19757;75107;8035;178813;51.0
2022;2;Neuquen;47;29749;74905;28824;27371;1119;161968;1340;9990;38826;15066;9205;2039;76982;180717;161968;80.02
2022;2;Rio Negro;33;36050;47040;40946;1676;18968;159764;1110;1227;33364;17938;27168;13714;41972;24027;159764;67.85
2022;2;Salta;39;42665;96178;47076;10068;719;203177;1140;153;33732;72661;6012;1156;81478;60494;203177;57.54
2022;2;San Juan;14;38570;19734;12328;21859;7916;100407;240;2027;30385;11276;24649;3728;16701;110617;100407;49.46
2022;2;San Luis;19;6860;29034;248;70614;14985;121741;600;3060;6840;21217;11052;67438;13;140815;121741;81.76
2022;2;Santa Cruz;12;10170;23725;10815;3896;5790;49185;520;6841;12348;11369;11885;2454;3592;64400;49185;43.15
2022;2;Santa Fe;42;198492;428233;189503;43081;1955;878859;4680;11757;138534;204381;74133;58114;373888;170584;878859;77.9
2022;2;Santiago Del Estero;16;16561;80338;11605;6618;2922;118044;1780;1401;29581;59931;14606;8830;10672;79200;118044;47.7
2022;2;Tierra Del Fuego;11;12754;39837;403;1250;6510;53770;220;8310;12052;14828;19968;1712;1006;30351;53770;99.86
2022;2;Tucuman;50;85893;15327;148823;3997;4870;254527;390;2195;34461;43513;23634;4863;145541;28100;254527;59.31
2022;1;Buenos Aires;63;392045;2728865;1242121;125521;66872;4555424;31591;30056;313382;321756;290127;161183;3381049;26028;4555424;76.08
2022;1;Capital Federal;88;102290;1217225;62308;5784;29934;1417541;5270;5575;39918;7739;61053;43289;1188072;10717;1417541;111.8
2022;1;Catamarca;51;14181;15517;29118;1328;2234;62378;710;4560;4386;7009;8773;3761;35715;20207;62378;58.21
2022;1;Chaco;46;32391;64546;36662;8164;2356;144119;4610;1099;16888;21235;20898;13012;62946;7058;144119;44.06
2022;1;Chubut;13;44133;66667;9184;30592;21052;171628;1130;1677;61369;31856;3308;13871;14055;150607;171628;88.05
2022;1;Cordoba;50;195610;501799;235838;60843;9713;1003803;1000;12782;165922;126009;73967;34892;577027;130104;1003803;85.76
2022;1;Corrientes;38;40462;79093;10875;6774;5374;142578;670;4029;24563;25665;27077;10452;43631;70094;142578;47.64
2022;1;Entre Rios;36;67159;138986;23091;26098;12592;267926;1070;5745;50075;4962;42294;21578;81757;16075;267926;63.7
2022;1;Formosa;30;16397;15927;5146;16876;2020;54548;970;4480;24113;6945;6613;7160;15028;58800;54548;34.96
2022;1;Jujuy;28;21307;60616;25949;4662;3975;116509;580;1761;22141;16321;37923;5760;35287;20442;116509;58.06
2022;1;La Pampa;15;8003;58978;21739;19903;1109;109732;3010;2223;62812;9869;12044;525;14400;20833;109732;91.66
2022;1;La Rioja;41;9103;59228;9546;6395;310;84303;180;7780;3576;4692;23624;5645;45970;0;84303;78.77
2022;1;Mendoza;26;49464;74145;123228;26969;1379;275185;1140;3355;51230;26407;74178;21566;95048;30287;275185;48.74
2022;1;Misiones;42;39147;91752;25178;7807;7624;171508;510;3873;35655;22261;26855;15854;58610;80349;171508;49.04
2022;1;Neuquen;43;28443;73200;24193;23098;7450;149679;1370;1123;39856;15623;11163;2654;71238;70885;149679;74.17
2022;1;Rio Negro;31;38662;45366;38037;16815;18494;157374;1160;1383;35565;18859;26926;14144;37729;220652;157374;67.04
2022;1;Salta;37;44714;98667;40994;595;719;197515;1140;1725;35576;68246;6313;2214;76838;60489;197515;56.11
2022;1;San Juan;12;34038;14449;11294;20723;7674;88178;260;2269;32356;11914;25144;2088;11916;20465;88178;43.55
2022;1;San Luis;21;7987;11296;31;71809;28721;119844;610;6430;8287;3837;9802;68612;13;280589;119844;80.72
2022;1;Santa Cruz;11;10537;23420;10766;3974;4050;49102;510;6898;12710;11502;12277;2628;2551;48500;49102;43.34
2022;1;Santa Fe;39;213486;444609;146552;45261;20571;870479;4680;12435;143796;208361;84787;58018;344170;180444;870479;77.3
2022;1;Santiago Del Estero;14;18118;87979;1093;6349;2922;116461;1780;1401;30220;6117;13542;8490;8309;79200;116461;47.17
2022;1;Tierra Del Fuego;11;13031;38700;416;1240;3400;52611;240;8940;12849;1564;18034;1767;982;20421;52611;98.29
2022;1;Tucuman;47;92532;62396;86174;3995;4870;245584;390;2212;36028;46961;21014;5211;133846;27300;245584;57.39
2021;4;Buenos Aires;60;426325;2706506;1176024;126887;73415;4509157;37821;11026;352950;331292;297296;196021;3259793;220958;4509157;75.66
2021;4;Capital Federal;83;111360;1205128;60005;5679;29947;1412119;5630;1695;47133;81899;66135;66755;1147939;0;1412119;111.27
2021;4;Catamarca;46;16385;13858;25100;1512;2235;59090;710;0;6038;7855;9804;3262;29827;20233;59090;55.25
2021;4;Chaco;42;35548;63145;34688;8005;2359;143745;4610;1120;18845;22678;21937;13692;58435;70585;143745;44.05
2021;4;Chubut;9;46361;57412;9655;28041;18839;160308;1260;1294;63698;39568;31175;578;2904;150763;160308;82.57
2021;4;Cordoba;46;212011;487489;217214;61277;8779;986770;1000;2479;184548;130892;76246;41198;538700;120607;986770;84.51
2021;4;Corrientes;36;42523;71183;10138;6778;529;135912;670;6450;28830;26368;22922;10087;39911;70082;135912;45.51
2021;4;Entre Rios;33;70459;133387;23452;25022;12726;265046;1070;3024;56043;49636;38295;24068;77290;160583;265046;63.16
2021;4;Formosa;29;17211;15111;5151;16018;1720;53663;840;0;22908;6983;6811;1135;13775;10967;53663;34.45
2021;4;Jujuy;27;22330;60511;24156;2927;3991;113915;580;1750;22446;16793;38134;5640;33421;20324;113915;56.92
2021;4;La Pampa;14;8175;58000;20192;19286;1354;107007;3010;4930;64840;9082;12259;4821;12184;30027;107007;89.57
2021;4;La Rioja;40;10387;56651;9446;6613;310;83128;180;10;5018;5437;23559;5671;43424;0;83128;77.92
2021;4;Mendoza;22;59842;71553;109667;24666;1859;267587;1560;1463;66428;30308;75214;18621;75031;36600;267587;47.51
2021;4;Misiones;39;41778;92068;22035;7649;7602;171132;510;50;41916;23554;26721;15954;54596;80335;171132;49.06
2021;4;Neuquen;40;29175;72761;23253;21531;7460;147466;1400;9400;42313;13264;10515;331;69217;70767;147466;73.3
2021;4;Rio Negro;27;42037;44495;32212;16558;18451;153753;1560;1174;38373;19878;31255;413;36142;220645;153753;65.69
2021;4;Salta;34;46972;99808;39555;5882;7188;199405;1140;200;40673;69324;6642;3535;72622;60475;199405;56.81
2021;4;San Juan;11;35868;13102;11072;11423;8493;79958;440;1442;28906;10955;23978;3980;9800;40435;79958;39.59
2021;4;San Luis;21;8472;11064;30;7056;28723;118849;620;2640;8550;4276;9107;67363;9;290218;118849;80.3
2021;4;Santa Cruz;9;10790;22902;10031;4346;4170;48486;520;2970;20305;11641;13054;177;876;49100;48486;43.05
2021;4;Santa Fe;36;233427;444373;128856;43556;16229;866441;4670;5810;169706;206856;8569;62349;322015;180777;866441;77.09
2021;4;Santiago Del Estero;14;19032;86563;1088;6256;2922;115861;1780;9090;31915;61524;12205;8000;7537;79300;115861;47.05
2021;4;Tierra Del Fuego;11;13317;38148;426;1240;3420;52357;260;3850;13505;16534;16562;1748;1017;2058;52357;98.4
2021;4;Tucuman;45;97830;59022;78790;2511;4860;238639;390;970;37321;48736;21023;5326;125857;24000;238639;55.93
2021;3;Buenos Aires;56;585729;2595485;885613;120228;64554;4251609;37193;31149;1108940;248153;141383;192797;2482266;90728;4251609;71.68
2021;3;Capital Federal;78;142902;1192107;42966;6059;29371;1413405;2950;6030;156978;67013;39785;73502;1075229;0;1413405;111.27
2021;3;Catamarca;43;18413;11709;22331;1568;2233;56254;710;0;6755;8428;10517;1659;26618;20206;56254;52.71
2021;3;Chaco;39;38258;63659;27583;8018;2353;139871;3010;1120;22545;20986;23852;14412;49705;70958;139871;42.96
2021;3;Chubut;8;49269;55794;8946;23376;18681;156066;1040;1050;89168;26281;18538;532;1643;140907;156066;80.71
2021;3;Cordoba;42;229275;477223;167495;57617;15178;946788;990;2452;204989;141285;6505;47198;476459;90256;946788;81.28
2021;3;Corrientes;32;44805;69403;7542;6766;5303;133819;670;6450;29629;28478;24792;9687;35468;50053;133819;44.9
2021;3;Entre Rios;30;74443;128752;20485;235;13195;260375;1070;3024;61354;59776;39114;16284;67961;120755;260375;62.18
2021;3;Formosa;27;18093;14111;4730;1569;1710;52795;3810;0;22778;7142;6978;1192;12707;10617;52795;33.96
2021;3;Jujuy;26;23554;60758;19926;2952;3968;111158;480;1750;23884;16417;37755;5610;29917;20401;111158;55.69
2021;3;La Pampa;13;9015;57881;17817;14479;1295;100487;2980;3130;65063;7395;8737;4023;10506;40152;100487;84.28
2021;3;La Rioja;39;11329;54744;9444;6613;300;82160;180;10;5366;5979;23315;4868;42613;0;82160;77.26
2021;3;Mendoza;13;91474;71247;70579;21811;8280;255939;360;310;151871;1264;62628;7596;21087;5000;255939;45.55
2021;3;Misiones;31;43230;89469;10969;7198;7662;158528;510;50;41932;25099;26079;14792;42291;80279;158528;45.57
2021;3;Neuquen;38;29650;73794;16455;1927;6400;139809;1120;3270;57441;8566;6234;3631;57919;50579;139809;69.71
2021;3;Rio Negro;25;47934;44519;18725;15031;18376;144585;1250;5570;68991;373;1488;2282;34011;200009;144585;61.97
2021;3;Salta;31;49212;98318;36126;5724;6453;195833;1010;200;41431;70104;6962;3878;67010;60327;195833;55.96
2021;3;San Juan;7;40072;12922;6670;11372;8447;79483;180;3330;59873;7520;1325;3380;278;40641;79483;39.46
2021;3;San Luis;22;8417;11884;27;68856;2868;117864;600;0;11552;2405;6491;67942;22;290392;117864;79.87
2021;3;Santa Cruz;8;12347;22961;6328;4269;3071;48976;500;0;30561;8365;6799;1788;678;73500;48976;43.75
2021;3;Santa Fe;33;245929;443156;93412;43447;1564;841584;4670;5790;193207;20125;83941;5508;290793;160267;841584;75.02
2021;3;Santiago Del Estero;13;19939;85535;909;6147;2928;115458;1230;9090;32752;61838;11274;8010;6863;89800;115458;47.0
2021;3;Tierra Del Fuego;10;12853;36958;6;160;3900;50223;170;0;23723;13397;9782;1433;976;89500;50223;94.95
2021;3;Tucuman;42;104489;53868;70964;2408;7430;232472;320;970;39446;50293;21986;53;115154;16400;232472;54.64
2021;2;Buenos Aires;53;603255;2503830;854173;113546;57547;4132351;37192;31178;1096049;244001;140322;236897;2337604;90108;4132351;70.0
2021;2;Capital Federal;73;148989;1175097;41318;558;29371;1400355;2940;6030;157558;73568;43859;86655;1037752;6600;1400355;110.14
2021;2;Catamarca;42;20305;9426;22331;1449;2233;55744;710;0;7219;9091;6828;4941;25388;20206;55744;52.34
2021;2;Chaco;37;39826;62948;27584;8018;2353;140729;3010;1120;23444;21574;24032;16069;47239;70958;140729;43.33
2021;2;Chubut;8;49271;41497;6081;23682;18706;139237;1040;1050;89639;22605;16604;3896;1112;50172;139237;72.29
2021;2;Cordoba;40;239780;467782;151855;55944;15519;930880;990;2452;201757;136516;6695;70824;442357;90925;930880;80.12
2021;2;Corrientes;30;46648;67262;3731;6557;5303;129501;670;6450;29419;27037;24524;10059;32697;50053;129501;43.54
2021;2;Entre Rios;28;77836;124957;17856;23786;13197;257632;1070;3024;63518;55349;39468;18484;61605;160077;257632;61.66
2021;2;Formosa;24;19571;12509;3610;1569;1710;51551;3810;0;22364;731;746;1341;11077;10618;51551;33.23
2021;2;Jujuy;26;24738;60800;19611;2731;3968;111848;480;1750;24182;16577;37908;6070;29950;20401;111848;56.18
2021;2;La Pampa;12;9017;57014;17132;13209;1295;97667;2980;5540;64146;7769;8128;3399;9311;40062;97667;82.08
2021;2;La Rioja;39;11627;54255;9445;6245;300;81602;180;10;5312;5971;23298;4825;42158;1900;81602;76.98
2021;2;Mendoza;13;91503;70834;44696;21811;8270;229671;360;310;137462;10886;56117;4403;20686;5000;229671;40.97
2021;2;Misiones;29;44960;87861;10376;5317;7662;156176;510;50;41643;25907;25811;16172;38308;80279;156176;45.01
2021;2;Neuquen;36;30083;72690;15619;19218;6400;138250;1120;3270;57713;8631;5871;5943;54008;50645;138250;69.14
2021;2;Rio Negro;24;48189;43761;18727;15031;18376;144084;1250;5570;69356;3663;15019;3867;31488;200009;144084;61.94
2021;2;Salta;29;51396;96016;32050;5724;6453;191639;1010;200;42543;67012;7099;9654;58882;60328;191639;54.93
2021;2;San Juan;7;40072;12369;6673;11372;8447;78933;180;3330;59989;7840;1255;3400;278;40641;78933;39.28
2021;2;San Luis;22;8417;11308;28;6686;36205;122818;600;0;11752;2703;5418;65946;22;360917;122818;83.48
2021;2;Santa Cruz;8;12347;22967;6328;4269;3071;48982;500;0;30595;8463;6888;1575;676;73500;48982;44.01
2021;2;Santa Fe;31;256741;431915;90424;43997;17523;840600;4670;8960;202018;204077;80452;75195;262124;150371;840600;75.07
2021;2;Santiago Del Estero;13;20734;83770;909;5081;3596;114090;1230;9090;32034;62224;10359;8110;6064;10566;114090;46.56
2021;2;Tierra Del Fuego;9;12853;22504;6;140;3160;35693;170;0;21335;6913;458;4760;889;10483;35693;67.89
2021;2;Tucuman;40;110429;48359;71683;1837;7430;233051;320;970;40224;51648;23732;5022;109616;2068;233051;54.93
2021;1;Buenos Aires;51;629679;2452056;821597;98806;57864;4060002;36939;31187;1108368;24052;163747;222061;2246313;100867;4060002;69.11
2021;1;Capital Federal;68;159805;1145093;39980;5559;29236;1379673;1350;2440;159662;76753;56457;83255;1003041;12600;1379673;108.42
2021;1;Catamarca;40;26316;4409;18688;3220;2233;51968;710;0;7423;8455;10115;7120;22996;20196;51968;48.9
2021;1;Chaco;34;43214;61251;25426;8004;1875;139770;3010;1120;24357;22102;27556;14496;42462;80384;139770;43.14
2021;1;Chubut;8;45501;40960;3444;23723;18712;132340;1060;1090;86986;21401;15392;2844;1112;4039;132340;68.99
2021;1;Cordoba;36;260350;444695;134634;54137;17065;910881;930;2386;211799;135092;74659;71984;402191;120677;910881;78.59
2021;1;Corrientes;26;49160;62876;3337;5949;5303;126625;670;5270;31544;26223;26169;9001;27641;50453;126625;42.66
2021;1;Entre Rios;24;83688;118424;16846;20836;12169;251963;1050;2911;67255;5606;42432;15774;54600;120826;251963;60.44
2021;1;Formosa;21;20663;11412;2562;15669;3800;50686;560;0;22409;7569;7916;1215;9579;10942;50686;32.73
2021;1;Jujuy;27;32254;54324;17322;2677;3879;110456;490;1750;23735;17293;40649;5680;25609;20378;110456;55.63
2021;1;La Pampa;11;8946;58711;15779;12369;13;97105;2980;5540;68200;7864;7611;2786;7368;20424;97105;81.78
2021;1;La Rioja;13;17363;34984;1;2500;300;52628;180;10;36749;5968;4604;2150;5074;100;52628;49.81
2021;1;Mendoza;13;91844;69295;38619;18332;8330;218923;280;400;134386;11216;52533;4061;16615;4400;218923;39.15
2021;1;Misiones;25;48292;82339;7064;4796;6896;149387;510;5240;40949;25503;27101;1405;32953;80256;149387;43.17
2021;1;Neuquen;34;30223;70457;14171;17752;6320;133235;1160;3270;56171;8443;5903;5677;50840;50758;133235;66.84
2021;1;Rio Negro;22;48777;42192;17828;13994;18377;141168;1250;4660;70011;4187;13045;3642;29589;200103;141168;60.88
2021;1;Salta;27;54768;89187;31498;5669;6452;187574;1090;200;40785;68149;9164;8139;54889;60319;187574;53.93
2021;1;San Juan;7;40072;11589;6671;11482;8453;78267;250;1940;60439;8580;11494;3400;276;40641;78267;39.06
2021;1;San Luis;22;8417;10678;28;63826;36205;119154;580;0;11889;2926;4429;62913;22;360917;119154;81.24
2021;1;Santa Cruz;8;12347;23089;5975;4264;3900;46065;500;0;30655;8334;6987;1337;647;10945;46065;41.65
2021;1;Santa Fe;28;277012;421480;70976;3914;17519;826127;5180;8910;201632;204458;91846;65476;236924;240382;826127;73.92
2021;1;Santiago Del Estero;12;26468;75849;570;5158;3596;111641;1230;9090;33884;58464;8549;7000;4868;40144;111641;45.67
2021;1;Tierra Del Fuego;9;12853;27247;6;0;3160;40422;170;0;21379;1468;4317;4860;919;110836;40422;77.35
2021;1;Tucuman;38;147199;12185;69954;1834;7400;231912;290;970;42810;53416;25255;4188;103437;2068;231912;54.82
2020;4;Buenos Aires;50;635651;2441248;804991;93444;57927;4033261;36939;31197;1109865;242243;214171;213588;2176242;90016;4033261;68.98
2020;4;Capital Federal;67;163060;1142528;39890;4815;29237;1379530;1350;2440;160210;78123;60208;80269;1000073;26800;1379530;108.31
2020;4;Catamarca;38;26870;5115;17856;3220;2233;52396;710;0;8843;874;11436;5910;20406;20309;52396;49.41
2020;4;Chaco;32;44332;61200;23687;7997;1875;139091;3010;1120;24782;22479;26802;15701;40949;70965;139091;43.03
2020;4;Chubut;7;45703;39756;3040;23363;18712;130574;1060;1090;88157;21824;12046;2818;1112;40402;130574;68.35
2020;4;Cordoba;35;267396;439322;125620;52827;17536;902701;1190;2386;214963;135262;82221;70013;384169;130568;902701;78.08
2020;4;Corrientes;25;50102;61495;3146;5626;529;125659;670;5270;31900;26321;25687;9383;26789;40985;125659;42.43
2020;4;Entre Rios;24;85683;113670;15653;20206;12169;247381;1050;2911;65659;53556;40755;166;53141;140654;247381;59.47
2020;4;Formosa;20;21264;10789;2432;15341;3800;50206;560;0;23540;7606;7181;1197;8946;1068;50206;32.49
2020;4;Jujuy;25;32850;52815;15639;1077;347;105851;490;1820;23772;14379;4493;4460;19282;20811;105851;53.46
2020;4;La Pampa;10;9009;58945;15432;12194;1315;96895;2980;5540;70184;8124;6562;2396;6257;2052;96895;81.77
2020;4;La Rioja;13;17513;34984;1;2500;300;52778;180;10;36906;606;4633;1810;4979;0;52778;50.11
2020;4;Mendoza;11;91842;68364;36083;18331;8330;215453;280;400;146312;11172;40396;3378;11557;2057;215453;38.63
2020;4;Misiones;25;49462;79855;6589;4359;6896;147161;510;5240;39988;26078;26445;1481;32264;70001;147161;42.64
2020;4;Neuquen;34;30468;70614;13732;17689;6320;133135;1160;3270;56434;8478;5791;5493;50776;5072;133135;67.0
2020;4;Rio Negro;22;48991;42022;17826;13994;18377;141210;1250;4660;70305;4153;13131;3512;29372;200146;141210;61.09
2020;4;Salta;25;56659;87817;30604;5858;6452;187390;1090;5140;41443;68829;15188;8291;46697;60319;187390;54.04
2020;4;San Juan;6;40072;7004;6599;10468;8453;72596;250;1940;61316;7400;5126;3320;275;40588;72596;36.32
2020;4;San Luis;21;8417;11767;27;63019;36205;119435;580;0;14020;349;2688;62239;22;360918;119435;81.68
2020;4;Santa Cruz;7;12347;19657;1041;4659;297;40674;470;0;27173;4382;6634;1033;647;75800;40674;37.0
2020;4;Santa Fe;27;287271;414746;62692;38712;17392;820813;5180;8910;206372;203793;94246;65145;226246;230602;820813;73.58
2020;4;Santiago Del Estero;11;26812;70522;570;5169;3596;106669;1230;9090;34518;5759;4666;4110;4520;30932;106669;43.75
2020;4;Tierra Del Fuego;8;12853;26439;6;0;3160;39614;170;0;21881;6119;3497;4880;922;6069;39614;76.27
2020;4;Tucuman;36;149322;11150;68043;1834;7400;231089;290;970;44095;54334;32155;4105;93594;2068;231089;54.78
2020;3;Buenos Aires;48;653930;2384557;749087;94162;55541;3937277;37542;31514;1113823;23471;219772;194248;2085815;190853;3937277;67.66
2020;3;Capital Federal;64;170375;1129573;39417;3936;29374;1372675;2640;3120;162222;85083;68753;78028;977766;24700;1372675;107.68
2020;3;Catamarca;37;26868;3690;16857;2610;2228;49904;630;0;8276;8768;11195;5620;18886;20154;49904;47.16
2020;3;Chaco;31;45745;58825;20675;6706;2003;133954;3080;1120;24675;21639;27546;13751;38729;70194;133954;41.54
2020;3;Chubut;7;45761;39386;2897;23216;18767;130027;1580;1090;87559;22114;12217;2818;1110;30942;130027;68.34
2020;3;Cordoba;34;276360;430771;102217;48368;9756;867472;1680;3064;218599;124833;84236;63823;361021;110728;867472;75.22
2020;3;Corrientes;24;50858;58681;2960;5513;5379;123391;720;5270;35190;23315;25308;8615;25344;5002;123391;41.75
2020;3;Entre Rios;22;87892;106950;13954;20379;1232;241495;1300;2911;66648;51478;40797;14377;49395;150759;241495;58.19
2020;3;Formosa;18;21790;10003;2000;15023;3930;49209;3910;1510;23163;7432;7125;9910;8219;10737;49209;31.91
2020;3;Jujuy;22;32611;57682;11112;9520;4371;106728;550;1820;32131;10566;45198;2930;15238;30065;106728;54.04
2020;3;La Pampa;11;9015;56845;14677;11893;1305;93735;2930;8100;66695;782;5577;2189;6322;40029;93735;79.26
2020;3;La Rioja;12;17346;34984;1;2500;350;52616;210;10;37105;5955;466;1240;4748;200;52616;50.12
2020;3;Mendoza;10;91908;64672;32817;17523;8680;207788;580;400;141404;12123;42433;3448;8237;4500;207788;37.35
2020;3;Misiones;24;50195;77989;2572;3445;8985;143186;710;5240;39005;24215;25942;13663;30987;80779;143186;41.6
2020;3;Neuquen;31;30222;70446;11043;16787;7370;129235;2180;3270;60463;6561;5975;5449;49439;80300;129235;65.24
2020;3;Rio Negro;21;49530;40001;10381;13187;18368;131467;1140;4660;68986;3769;7096;3455;28488;190093;131467;57.05
2020;3;Salta;25;58216;84128;25445;5764;7293;180846;1290;5140;32780;64736;1599;7928;43773;140996;180846;52.32
2020;3;San Juan;6;40092;9223;5509;14023;848;77327;480;1940;65526;7110;6529;410;128;4015;77327;38.79
2020;3;San Luis;21;8401;10077;6;61828;36253;116565;1050;0;12199;3351;2666;61319;8;360917;116565;79.96
2020;3;Santa Cruz;7;12845;16098;1027;6938;2373;39281;660;0;26888;4015;673;6290;120;83300;39281;35.95
2020;3;Santa Fe;26;295051;405807;45721;37112;19307;802998;5680;1241;213353;199381;92095;58797;210562;270001;802998;72.12
2020;3;Santiago Del Estero;11;26419;70720;555;4185;3613;105492;1330;9090;33287;57418;4658;2920;3994;40801;105492;43.38
2020;3;Tierra Del Fuego;9;12854;26491;0;0;3100;39655;110;0;22094;5414;3726;4810;937;60992;39655;76.81
2020;3;Tucuman;35;149605;11752;59949;1808;7620;223876;520;970;45913;5461;33126;3246;84195;20637;223876;53.23
2020;2;Buenos Aires;46;661272;2244277;723072;91736;57189;3777546;37542;31606;1129236;241336;233132;188995;1894466;210233;3777546;65.22
2020;2;Capital Federal;60;178896;1106133;39482;3937;29373;1357821;2640;3120;166474;94585;79858;8016;935481;68700;1357821;106.41
2020;2;Catamarca;35;26968;3641;14878;2610;2228;47976;630;0;8801;869;10242;4260;16578;30176;47976;45.43
2020;2;Chaco;28;46816;56017;17266;6452;1581;128132;3080;9280;24350;2114;29044;12082;33311;60969;128132;39.83
2020;2;Chubut;8;45761;38279;1324;17678;5614;108656;1580;1090;69578;22188;10537;1473;614;30999;108656;57.34
2020;2;Cordoba;31;282858;415007;85818;44522;8263;836468;1680;4383;219025;125932;8953;63216;325243;80971;836468;72.71
2020;2;Corrientes;22;51248;55536;3144;3927;5011;118866;720;5270;34242;22845;25844;7898;22418;5002;118866;40.3
2020;2;Entre Rios;20;89391;99423;13954;20042;11303;234113;1300;3679;66758;5064;4209;12856;43391;140569;234113;56.54
2020;2;Formosa;17;21805;9353;1882;14723;1690;47932;3910;1510;23534;7109;6998;9610;7475;10313;47932;31.14
2020;2;Jujuy;16;32705;38938;5057;9520;16664;94316;550;1820;30548;10519;26829;2090;9417;160557;94316;47.89
2020;2;La Pampa;8;8551;54422;14232;11314;129;89809;2930;8100;71218;7531;38;1657;3377;10123;89809;76.1
2020;2;La Rioja;12;16885;34984;1;2500;350;52155;210;10;37375;5661;4686;730;4336;200;52155;49.84
2020;2;Mendoza;9;91904;62941;29613;15924;8020;201184;580;400;142253;12439;35274;3248;5422;2045;201184;36.25
2020;2;Misiones;23;50792;74497;2579;3319;9153;140340;710;5240;39867;23719;26445;12305;28763;80646;140340;40.89
2020;2;Neuquen;29;30256;67990;11037;15755;1134;126172;2180;3270;61171;6103;6625;5296;46432;0;126172;63.9
2020;2;Rio Negro;20;49756;39650;10382;11331;18367;129486;1140;4660;70817;3335;7498;3246;26953;170057;129486;56.37
2020;2;Salta;23;59502;81740;24289;5123;7108;177762;1290;5140;41801;64463;16989;7741;39594;60531;177762;51.58
2020;2;San Juan;6;40092;8275;5509;7019;8882;69777;480;1940;59113;9170;4908;400;127;4043;69777;35.09
2020;2;San Luis;21;8401;8357;6;60935;36253;113952;1050;0;11439;3585;1934;60889;8;350992;113952;78.41
2020;2;Santa Cruz;7;12845;16044;1027;6585;2368;38869;660;0;26938;4166;6541;5460;119;49300;38869;35.79
2020;2;Santa Fe;24;299974;381679;46698;30487;19094;777932;5680;2061;213054;198772;96575;57236;189473;200193;777932;70.0
2020;2;Santiago Del Estero;10;25917;72074;355;3038;4063;105447;1330;1779;32557;57709;5178;2470;3328;40516;105447;43.47
2020;2;Tierra Del Fuego;8;12854;26025;0;0;3100;39189;110;0;22325;5186;3034;3910;796;70446;39189;76.37
2020;2;Tucuman;33;150084;9833;55120;1357;7620;217156;520;970;49028;54537;34184;2246;74377;20635;217156;51.78
2020;1;Buenos Aires;45;673237;2210349;720688;85443;18334;3708051;38215;36802;1122034;236421;247977;20578;1802583;280935;3718747;64.33
2020;1;Capital Federal;59;184494;1097635;38898;3911;28556;1353494;2640;3120;169651;102254;89665;85899;906009;0;1354054;105.98
2020;1;Catamarca;29;21945;3146;12056;2610;2227;39635;630;0;8838;7543;9558;4080;10299;20151;38860;37.62
2020;1;Chaco;26;46356;54144;11958;6239;158;120277;3080;9280;23291;19976;29851;10416;28539;60917;120226;37.48
2020;1;Chubut;7;45763;27287;1324;16885;5479;96738;1580;1090;69586;12957;7756;124;614;405;96920;51.27
2020;1;Cordoba;29;286168;406109;68512;41617;8693;811099;1420;5128;217229;120188;95827;65733;296875;90802;810924;70.69
2020;1;Corrientes;21;51126;53231;2172;2437;5004;113970;720;5270;33479;21382;26679;7351;19467;4078;113737;38.73
2020;1;Entre Rios;19;90368;95434;13245;18737;14062;231846;1300;4081;72280;47132;41125;11988;39794;130762;230292;56.12
2020;1;Formosa;16;21068;8887;1800;1451;1690;46434;1127;3420;23761;65;6564;9640;6918;10000;46276;30.23
2020;1;Jujuy;14;32066;38938;3078;9420;16641;91665;550;1820;33120;9979;26693;1660;7349;160545;94089;46.67
2020;1;La Pampa;7;8553;53755;13821;11295;1802;89226;2930;8110;72740;7199;3029;1342;2113;10618;89145;75.77
2020;1;La Rioja;8;13076;34984;0;2510;290;48340;210;10;37209;5158;464;220;1294;0;48345;46.35
2020;1;Mendoza;8;91955;50251;28059;12465;7220;183452;580;400;140410;12285;17489;286;3818;0;176960;33.14
2020;1;Misiones;22;51458;69452;1220;4600;10962;133552;710;5240;36622;21271;26433;11581;26313;100885;133700;39.02
2020;1;Neuquen;28;29305;65951;11031;14711;7290;121727;2180;3270;60152;5257;7123;5399;43738;0;122214;61.85
2020;1;Rio Negro;19;47756;38479;10381;11222;18362;126200;1140;4660;69154;293;7857;3199;25488;170719;126927;55.12
2020;1;Salta;21;60426;75593;23025;4125;7212;170381;1290;5140;38537;63714;17991;8625;34744;60441;170695;49.6
2020;1;San Juan;6;40092;6448;5508;7082;5101;64231;480;1940;59787;1594;1292;400;127;40779;67861;32.39
2020;1;San Luis;21;8301;7612;5;58301;36333;110552;1050;0;11322;4164;5250;58258;5;360075;110454;76.31
2020;1;Santa Cruz;6;12845;15766;1026;6817;2368;38822;670;110;27447;4993;5169;5290;119;0;38335;35.97
2020;1;Santa Fe;22;302366;383673;35123;30488;19468;771118;6960;2994;217553;196826;10456;48448;173823;170656;762556;69.52
2020;1;Santiago Del Estero;10;24695;70424;200;2779;4657;102755;1330;1779;33086;56884;3737;1350;2799;40501;103054;42.47
2020;1;Tierra Del Fuego;7;12854;25632;0;0;3080;38794;110;10;22976;5024;1834;1960;518;70046;37606;76.07
2020;1;Tucuman;32;143184;10494;44687;1355;3470;200067;520;970;49555;50383;31096;173;67536;0;200449;47.85
2019;4;Buenos Aires;31;720011;2191672;669194;87111;18266;3686254;33489;27537;1177446;262297;247106;45257;1465133;200676;3686254;64.25
2019;4;Capital Federal;44;196938;1093143;35534;3914;28576;1358105;3070;150;177098;110218;110852;20581;753805;0;1358105;106.25
2019;4;Catamarca;25;22999;3318;9506;2610;2227;38311;630;0;9945;7619;9305;8040;7477;30098;38311;36.44
2019;4;Chaco;23;48661;53602;8831;5229;158;117903;830;0;25899;18959;30902;13516;21556;60988;117903;36.84
2019;4;Chubut;7;47045;26977;1324;15267;5489;96102;1580;40;69405;12945;7615;124;614;40121;96102;51.15
2019;4;Cordoba;26;296872;410038;53335;3775;8693;806688;1420;0;232781;118232;10933;114111;221742;10035;806688;70.48
2019;4;Corrientes;19;52525;51845;2002;2458;5004;113834;720;0;35055;2062;27367;9981;15744;40995;113834;38.77
2019;4;Entre Rios;17;92981;99206;12875;18561;15407;239030;470;0;88203;44511;42962;18976;30153;140178;239030;57.99
2019;4;Formosa;15;21567;8684;1760;14531;1690;46711;1127;1910;24606;6319;6788;1766;5671;24300;46711;30.47
2019;4;Jujuy;13;32949;37604;873;8140;16641;88881;550;0;32920;9632;26764;1020;5286;140122;88881;45.38
2019;4;La Pampa;7;15457;56854;4942;11341;1805;90399;2930;3130;76747;69;1951;1287;1342;10566;90399;76.92
2019;4;La Rioja;8;13738;34984;0;2510;290;49002;210;0;37846;5045;4763;220;1305;0;49002;47.14
2019;4;Mendoza;8;96678;49711;24989;13672;7300;185780;7460;90;145139;12955;15237;2165;2628;60901;185780;33.65
2019;4;Misiones;20;53116;69676;847;4410;11733;135813;710;0;39664;2084;27305;15626;20799;110508;135813;39.79
2019;4;Neuquen;26;29826;60970;10549;14246;8540;116445;2180;10;57370;4439;7357;12059;35001;0;116445;59.36
2019;4;Rio Negro;17;49747;37933;9658;11437;18365;127140;1140;0;71847;2797;8558;6968;19837;170019;127140;55.71
2019;4;Salta;19;63272;76062;21865;304;8206;172445;1490;10;42159;67656;15369;1417;25821;7012;172445;50.35
2019;4;San Juan;6;41360;6338;4931;7241;5104;64974;480;10;60626;1594;1292;400;127;10246;64974;32.85
2019;4;San Luis;21;8569;8027;6;55266;36333;108201;1050;0;11901;4164;5250;55216;3;360287;108201;74.92
2019;4;Santa Cruz;5;13264;15899;1036;68;2371;39370;670;0;32368;4346;2224;70;8;35000;39370;36.71
2019;4;Santa Fe;21;312072;382254;27464;26978;20401;769169;6980;0;230234;190664;113527;70998;135576;270472;769169;69.48
2019;4;Santiago Del Estero;10;24682;71239;200;281;4657;103588;1330;9080;34911;56309;3756;1050;2449;50017;103588;42.92
2019;4;Tierra Del Fuego;7;13261;26821;0;0;3100;40392;110;0;23593;505;1848;1390;1962;70789;40392;79.7
2019;4;Tucuman;30;146985;11012;39574;7250;3480;198644;550;0;54544;52017;28916;6405;56707;0;198644;47.65
2019;3;Buenos Aires;26;1277249;2144956;425386;85572;2707;3960233;23892;44648;1432722;222812;260506;483572;1246209;420294;3971683;69.36
2019;3;Capital Federal;39;300288;1080973;24900;3895;31155;1441211;1040;3680;269704;120924;138011;258591;655108;0;1442810;112.65
2019;3;Catamarca;9;24349;5543;13;2440;2251;32400;340;430;14449;9285;6333;720;15;20151;32382;30.88
2019;3;Chaco;20;50416;49156;8063;5224;1592;114451;690;1216;32764;28198;13336;12987;16740;60917;112227;35.85
2019;3;Chubut;7;37298;27090;1917;15149;7551;89005;740;8400;62680;13033;7171;124;614;405;90152;47.57
2019;3;Cordoba;23;307780;399231;30064;37277;8701;783053;830;5824;240151;106651;118486;146247;157546;70353;782341;68.59
2019;3;Corrientes;17;53344;50230;1888;2458;4839;112759;100;5970;42231;29628;10348;10388;12674;4078;110656;38.49
2019;3;Entre Rios;15;94947;96305;12888;1853;15432;238102;190;4446;99656;56161;17064;21216;22645;150107;236314;57.9
2019;3;Formosa;13;21777;8359;1476;14292;1620;46066;111;3490;24943;6049;7117;2262;4443;10000;46373;30.11
2019;3;Jujuy;12;33110;35742;274;8120;16638;86576;270;8850;31722;924;26835;560;3671;160545;88981;44.32
2019;3;La Pampa;6;19469;52941;4994;11462;1962;90828;2370;3289;75849;5922;1611;1359;941;10618;90826;77.45
2019;3;La Rioja;8;14390;34984;11;2510;410;49677;90;100;38657;4786;4887;220;1307;0;49678;47.94
2019;3;Mendoza;6;148640;54312;6865;12975;1545;224337;210;1269;206821;2958;10093;1263;349;0;222774;40.74
2019;3;Misiones;18;54493;65872;829;4190;1227;133883;470;1928;43530;29375;11256;16107;16650;120206;131099;39.33
2019;3;Neuquen;24;43347;60484;5560;13512;2518;125421;450;2258;62909;4586;9597;16923;28458;12200;124898;64.14
2019;3;Rio Negro;16;67478;37425;9739;10806;18847;144295;470;1234;87435;2348;9779;10176;15505;170719;144243;63.42
2019;3;Salta;15;65799;74329;733;158;9394;151835;490;9000;43160;6223;14309;11418;12357;70515;151938;44.48
2019;3;San Juan;6;51670;7425;1227;7241;5535;73098;220;1710;68315;2245;1267;410;128;40779;76968;37.06
2019;3;San Luis;20;13037;10561;350;62286;36466;122700;570;1000;18643;5113;4670;62242;5;360075;122702;85.23
2019;3;Santa Cruz;5;10663;17056;969;6544;2738;37970;280;840;31612;4472;1203;270;4;0;37430;35.63
2019;3;Santa Fe;18;319396;377171;18690;24269;21408;760934;6400;8184;242454;193286;107068;84325;97082;190537;752576;68.87
2019;3;Santiago Del Estero;9;24556;71198;219;2759;344;133132;390;1832;35554;55172;3612;860;1836;340501;132632;55.3
2019;3;Tierra Del Fuego;7;19790;26659;651;0;1487;48587;60;140;32133;4692;1756;820;226;90648;48557;96.46
2019;3;Tucuman;19;150918;12089;116;6840;3240;164131;160;1100;71043;47693;24354;8430;20385;0;164444;39.49
2019;2;Buenos Aires;22;1284658;2079900;382971;7524;32929;3855698;199768;46852;1436259;217785;438663;502275;985767;430438;3870807;67.85
2019;2;Capital Federal;30;309937;1061358;36082;3962;4281;1415620;740;1027;281370;124087;239691;296155;475991;0;1418395;110.55
2019;2;Catamarca;9;25682;5543;13;1460;2251;33635;340;430;16631;867;6049;340;10;20151;33622;32.13
2019;2;Chaco;16;50765;47448;4203;4727;1591;108734;690;1383;38488;26431;16789;15348;9904;10492;109904;34.14
2019;2;Chubut;6;37313;26338;1917;14443;7545;87556;660;3952;69032;10049;1495;740;165;405;89333;46.99
2019;2;Cordoba;18;314768;388254;23023;33847;15236;775128;810;8165;248427;100512;157458;170159;76053;80938;769793;68.07
2019;2;Corrientes;14;53835;47431;1701;2444;6138;111549;100;3012;40424;27774;13114;11928;7119;6008;109461;38.16
2019;2;Entre Rios;12;97081;91081;12764;17369;17529;235824;180;5905;100687;52316;23196;24221;10664;170206;234213;57.48
2019;2;Formosa;11;21916;8686;1382;14292;1620;46438;111;3490;26512;5399;8384;2639;2258;10000;46751;30.42
2019;2;Jujuy;12;33022;30742;274;8120;21857;86707;270;9400;26233;8441;267;270;2600;210765;86733;44.51
2019;2;La Pampa;5;19471;52101;4840;10789;3004;90205;2360;3289;75406;5191;1366;1445;629;20661;90223;77.08
2019;2;La Rioja;8;15014;34984;11;2510;410;50301;90;110;39819;4297;4857;130;1298;0;50304;48.7
2019;2;Mendoza;6;148673;54027;6865;12748;1544;223857;200;2522;205165;2971;10092;1256;234;0;222260;40.75
2019;2;Misiones;14;55373;64272;543;4210;12269;132878;470;2226;45769;27385;15408;18882;8129;120206;130052;39.15
2019;2;Neuquen;17;43420;59021;4983;12792;2737;122953;3020;3038;61776;4688;17318;2121;14132;42200;122886;63.08
2019;2;Rio Negro;12;67841;36527;4037;10485;19657;138547;3840;1354;86366;2201;10291;12407;6907;180519;138429;61.09
2019;2;Salta;13;68827;62343;725;121;9463;142568;490;9740;59638;36923;16961;14059;6461;70585;142650;41.89
2019;2;San Juan;6;51680;7425;1174;287;6876;70025;220;2130;60913;2177;7850;70;4;60119;70240;35.6
2019;2;San Luis;20;11130;10298;347;57242;38368;117385;570;1020;16575;4964;4670;57236;5;370977;117383;81.79
2019;2;Santa Cruz;6;10665;10257;379;6514;2735;30550;250;840;24861;3806;1202;280;4;0;30010;28.85
2019;2;Santa Fe;15;325420;355140;18236;2198;22708;743484;3210;8427;300124;125176;129741;100131;49865;220323;736108;67.42
2019;2;Santiago Del Estero;7;24393;64783;219;2759;346;126754;390;1832;63268;21362;3741;1080;1205;340501;126056;52.79
2019;2;Tierra Del Fuego;6;19790;25527;651;0;1486;47454;60;1230;41824;4241;1573;960;32;0;47895;94.8
2019;2;Tucuman;19;153121;12089;116;6840;3210;166331;160;1570;78891;44296;24291;6280;18394;0;166673;40.14
2019;1;Buenos Aires;20;1304507;2020730;336362;64867;20201;3746667;162513;72296;1429964;202511;576428;576859;705769;60369;3732709;66.24
2019;1;Capital Federal;25;328246;1030814;32281;3978;4281;1399600;740;7417;283787;131007;330122;365713;283463;0;1401583;109.2
2019;1;Catamarca;8;26912;4443;16;0;2251;33622;340;1708;18761;6443;5606;290;7;20151;34739;32.19
2019;1;Chaco;13;53409;43555;1951;3628;1134;103677;690;3801;38719;25632;18965;12393;6368;10035;106982;32.64
2019;1;Chubut;6;37302;23065;1923;14443;3045;79778;660;3938;71077;6571;7870;740;165;0;82678;43.0
2019;1;Cordoba;16;323272;363959;19902;24615;12367;744115;810;20403;242769;96997;200681;127965;50716;60806;746418;65.52
2019;1;Corrientes;12;55842;43444;1615;1528;580;102487;100;647;38402;26562;15498;9688;5029;0;101659;35.13
2019;1;Entre Rios;11;100999;90253;12723;16231;12241;232447;180;9217;107013;50068;28957;18146;7619;120142;233180;56.79
2019;1;Formosa;10;22570;7878;940;13761;620;45211;111;3023;23085;5301;9027;2099;1654;0;45299;29.68
2019;1;Jujuy;9;33248;12484;153;6400;43622;90147;270;2817;30727;7811;4021;300;1141;370162;83736;46.41
2019;1;La Pampa;5;18832;57373;2891;9023;1041;89160;2360;8327;70538;4466;1061;1354;405;69800;87085;76.35
2019;1;La Rioja;7;16367;34984;12;2520;410;51656;90;1169;40285;4088;5216;170;869;0;51653;50.18
2019;1;Mendoza;6;148524;40205;5662;10363;1544;206298;200;1786;205383;2837;5702;1110;140;0;215979;37.66
2019;1;Misiones;13;54898;59214;465;4260;7717;122720;470;5946;45266;2589;19111;16552;5167;70654;125633;36.26
2019;1;Neuquen;16;40747;55634;3114;1251;2372;114377;1328;3055;52360;1781;21452;17135;11026;60105;114242;58.88
2019;1;Rio Negro;10;68377;34124;3994;9736;4857;121088;3840;1583;84845;2037;13615;9567;5076;30719;120826;53.57
2019;1;Salta;10;74426;57933;647;1135;1879;136020;490;4232;59244;36473;2291;10861;2242;100;136012;40.1
2019;1;San Juan;6;51660;5838;808;2932;1207;62445;220;2290;62380;2660;5200;30;2;56000;63982;31.83
2019;1;San Luis;9;11108;7784;378;53097;23968;96335;570;1200;21380;53214;3450;60;2;230577;98701;67.34
2019;1;Santa Cruz;6;10659;4615;382;6514;2735;24905;250;1280;21990;2731;7020;260;4;0;25606;23.67
2019;1;Santa Fe;13;340038;340344;15621;23215;1786;737078;3330;2935;296798;122959;153212;74575;36502;180591;732320;66.97
2019;1;Santiago Del Estero;6;25337;61547;23;2847;990;89853;390;3372;62895;20691;3959;850;494;0;91535;37.52
2019;1;Tierra Del Fuego;6;19789;23549;1623;0;1486;46447;60;1310;38851;3623;6410;800;29;0;43361;93.38
2019;1;Tucuman;17;159215;11670;118;6780;3210;172002;160;5188;82240;42877;2621;8470;14839;0;172217;41.63
2018;4;Buenos Aires;17;1305576;1949637;296102;65477;19814;3636606;134673;73761;1422463;194426;577679;949093;265386;190125;3636606;64.6
2018;4;Capital Federal;23;328253;1019490;33042;3978;4257;1389020;740;7388;283281;143309;330496;437662;186810;0;1389020;108.27
2018;4;Catamarca;8;26912;4443;16;0;2212;33583;340;1669;17955;6425;5461;290;7;20003;33583;32.23
2018;4;Chaco;13;53409;43555;1940;3236;113;103270;690;3405;36437;25633;18965;12393;6368;0;103270;32.59
2018;4;Chubut;6;37215;23065;952;14443;3047;78722;660;3917;66061;6215;5310;6230;165;10144;78722;42.61
2018;4;Cordoba;16;328854;355716;17675;21851;13243;737339;810;24102;228475;97277;201639;128053;48809;80903;737339;65.09
2018;4;Corrientes;12;55842;42418;796;1515;300;100601;100;6438;37376;26562;15498;9688;5029;0;100601;34.57
2018;4;Entre Rios;11;101168;86198;4853;15472;14356;222047;180;8769;94780;50027;29002;18146;7612;130693;222047;54.37
2018;4;Formosa;10;22619;7880;887;13761;570;45204;111;3074;22962;5285;9027;2092;1654;0;45204;29.74
2018;4;Jujuy;9;33248;12484;153;6400;43608;90133;270;2803;30727;7811;4021;300;1141;430573;90133;46.53
2018;4;La Pampa;4;18832;55337;2685;7772;101;85636;2410;7727;70508;3661;9780;1328;270;92300;85636;73.49
2018;4;La Rioja;7;16367;34984;12;2520;360;51651;90;1164;40285;4088;5216;170;869;300;51651;50.35
2018;4;Mendoza;6;148524;40205;5665;10363;1547;206304;200;1463;197450;2494;4726;190;132;0;206304;37.76
2018;4;Misiones;12;55500;53673;465;4260;6209;116273;470;5981;43267;26019;19226;16566;5167;0;116273;34.45
2018;4;Neuquen;16;40747;55634;3115;12425;2444;114365;1328;3044;52313;1781;21452;17135;11025;60287;114365;59.07
2018;4;Rio Negro;10;68377;34292;1299;8037;4832;116837;3840;1225;83412;6430;1344;9569;5070;30094;116837;51.86
2018;4;Salta;10;74295;57539;638;2530;1853;134578;490;3659;58492;36365;2291;10861;2242;0;134578;39.8
2018;4;San Juan;6;51660;5838;806;2883;1211;62398;220;1465;59811;1800;3120;10;1;60600;62398;31.9
2018;4;San Luis;9;11108;7784;378;53097;23964;96331;570;1090;19164;53183;1190;620;2;230635;96331;67.55
2018;4;Santa Cruz;5;10659;4615;382;6378;2734;24768;250;1150;23107;7790;2060;10;4;53100;24768;23.69
2018;4;Santa Fe;13;335519;322782;14387;18705;28997;720390;3350;31397;276301;121009;152039;74432;36427;28045;720390;65.59
2018;4;Santiago Del Estero;6;25339;61243;23;2649;810;89335;390;325;61347;20127;3686;770;483;32600;89335;37.4
2018;4;Tierra Del Fuego;7;19789;23349;1623;0;1499;46260;60;270;29919;6323;9894;240;67;0;46260;93.59
2018;4;Tucuman;17;159215;11670;119;6860;3140;172004;160;5244;82089;42766;26111;8470;14839;9200;172004;41.76
2018;3;Buenos Aires;17;1435856;1929273;156382;62318;26448;3610277;9910;80459;1445733;190805;63609;897964;237248;1200464;3609754;64.44
2018;3;Capital Federal;22;334353;1009252;35694;3872;9319;1392490;730;8493;287919;147253;370677;41502;165055;0;1394490;108.45
2018;3;Catamarca;8;27553;4443;15;10;2214;34226;340;1994;18475;6358;532;340;7;20151;34373;32.92
2018;3;Chaco;13;53927;42359;1990;2628;1129;102033;700;3503;38729;24916;20335;11085;5667;10035;105340;32.28
2018;3;Chubut;6;58887;23065;1239;13817;6728;103736;670;3951;91096;6162;5310;6230;164;0;102594;56.39
2018;3;Cordoba;15;337620;342401;15785;19213;10839;725858;810;24767;224471;96372;221984;109333;39854;6049;723352;64.24
2018;3;Corrientes;11;56444;41300;212;1468;320;99456;110;6754;38364;24953;16601;8357;4419;0;99459;34.25
2018;3;Entre Rios;11;103318;83714;2403;15093;800;204608;180;9048;96095;45651;31353;15111;6786;0;204062;50.22
2018;3;Formosa;9;22777;7589;817;13625;570;44865;111;3365;22624;5259;9336;1729;1434;0;44857;29.58
2018;3;Jujuy;8;33363;10856;32;6410;430;44935;3450;302;29048;7756;4066;390;623;0;44897;23.26
2018;3;La Pampa;4;12415;54574;8437;7011;9870;83424;2420;8417;68507;3153;9200;1189;216;69800;83342;71.75
2018;3;La Rioja;6;16587;34984;13;2530;350;51872;90;1291;40647;4138;5425;200;339;0;51869;50.73
2018;3;Mendoza;6;151033;40205;5744;8195;1852;207029;200;1525;199297;2476;4727;270;129;0;208201;37.99
2018;3;Misiones;12;56290;50793;512;3910;560;108042;480;5749;39617;24747;21212;14674;4547;0;110594;32.1
2018;3;Neuquen;15;46602;54129;998;12277;2712;116718;1396;2244;55822;1647;23785;15218;9718;60105;115935;60.49
2018;3;Rio Negro;10;68590;33474;1252;5051;5125;113492;4090;5221;75929;5120;14912;847;4332;30719;113504;50.54
2018;3;Salta;9;76600;53980;678;2340;1391;132883;1160;3721;61795;32782;25582;9224;502;0;133722;39.43
2018;3;San Juan;6;54025;5838;826;2744;1048;64481;220;1326;62525;1800;3120;30;1;0;64369;33.05
2018;3;San Luis;9;11096;7784;368;52859;2314;74421;570;1090;19170;5294;1190;630;2;10902;74362;52.35
2018;3;Santa Cruz;5;18606;4574;585;6238;3996;33999;260;1160;32815;7780;2060;10;3;0;33945;32.73
2018;3;Santa Fe;12;339126;312866;11749;16337;15022;695100;4670;36786;269211;115907;162545;62479;31266;130911;692572;63.41
2018;3;Santiago Del Estero;6;25805;58789;23;1662;810;86360;410;255;60260;19116;3806;640;265;0;86102;36.25
2018;3;Tierra Del Fuego;6;19365;22649;1502;10;2047;45564;60;1870;41569;227;2310;240;13;0;44300;92.77
2018;3;Tucuman;15;161209;9280;110;2520;3150;171166;160;5993;81559;43282;27062;9410;12187;0;171040;41.68
2018;2;Buenos Aires;15;1450203;1807868;143626;71256;27746;3500699;1009;81354;1459443;295457;816056;536049;199589;1130357;3502314;62.78
2018;2;Capital Federal;19;342431;977916;35610;3908;9321;1369186;730;9234;290291;219166;445345;264805;142253;0;1371167;106.53
2018;2;Catamarca;8;27444;4415;15;10;2214;34089;340;2414;14624;6112;4347;360;6;605;34073;32.86
2018;2;Chaco;12;54134;40750;562;1946;1129;98521;700;2968;34167;24282;21887;9251;4630;10035;98290;31.25
2018;2;Chubut;5;58935;19591;1239;1407;6729;100564;670;4471;85598;5369;40;50;9;5001;100533;54.9
2018;2;Cordoba;14;345141;327636;13832;16355;10109;713073;810;21779;219630;102596;244291;78852;34950;8011;710289;63.27
2018;2;Corrientes;11;56541;39715;201;1468;320;97957;110;7047;38268;24066;17926;678;3862;0;97960;33.81
2018;2;Entre Rios;10;104811;80376;2405;12313;800;199985;180;8179;94459;4457;34281;12012;5920;0;199439;49.2
2018;2;Formosa;9;23543;7311;18;13625;570;44554;111;3568;22409;5176;9727;1313;1243;0;44546;29.43
2018;2;Jujuy;6;33571;10856;23;6400;430;45133;3450;332;29319;8083;3977;440;7;0;45095;23.43
2018;2;La Pampa;4;12416;53587;8420;7011;9870;82421;2440;8797;68083;2409;9650;9690;179;69800;82344;71.04
2018;2;La Rioja;6;16663;34984;13;2530;350;51948;90;1384;40679;4198;564;200;15;0;51945;50.98
2018;2;Mendoza;6;152938;36872;3084;6206;1852;200952;200;1658;164596;5150;2660;170;72;330788;200932;36.97
2018;2;Misiones;12;57265;47923;512;3910;560;106147;480;6092;39489;23569;23747;11888;3866;0;108699;31.63
2018;2;Neuquen;13;46633;52855;998;12649;2713;115848;1396;2408;56035;1314;26417;12442;8551;60105;114668;60.24
2018;2;Rio Negro;10;68667;32795;1252;4396;5125;112235;4090;5298;75056;5230;1648;6663;3725;30975;112129;50.15
2018;2;Salta;9;78386;53478;678;2340;1391;134167;1160;399;61763;33285;28431;7239;182;0;135006;39.94
2018;2;San Juan;6;54080;5068;826;3079;1048;64101;220;1378;57591;110;0;30;0;50068;64073;32.95
2018;2;San Luis;6;11104;7666;368;160;2314;21468;570;1010;11992;110;0;70;2;90284;21454;15.15
2018;2;Santa Cruz;5;18615;4474;585;6734;3997;34405;260;1200;28600;6550;1000;10;3;40267;33772;33.33
2018;2;Santa Fe;12;337934;304349;11354;15801;15114;684552;7440;34267;262603;112143;17554;50525;26512;220257;684591;62.57
2018;2;Santiago Del Estero;6;26074;55935;23;1662;810;83775;410;2717;41362;18721;3278;310;31;170589;83770;35.26
2018;2;Tierra Del Fuego;6;19372;22756;531;10;2047;44707;60;1880;40912;2217;750;0;0;10700;43505;91.61
2018;2;Tucuman;14;160315;8965;110;2520;3150;169957;160;6735;79899;44968;27059;1084;8784;10305;169850;41.51
2018;1;Buenos Aires;14;1452061;1793884;133928;64379;31194;3475446;1514;74766;1445752;292732;886678;480237;184203;1050818;3471700;62.63
2018;1;Capital Federal;18;349995;968483;35535;3164;9393;1366570;890;10039;292566;222737;487826;227953;127384;0;1368594;106.24
2018;1;Catamarca;8;27300;4415;15;10;2214;33945;340;2896;14770;6145;3539;410;4;605;33929;32.79
2018;1;Chaco;12;54879;40157;383;3880;113;96937;700;3261;32516;24488;23296;8219;3897;10035;96782;30.83
2018;1;Chubut;5;56375;19591;1194;1407;6729;97959;670;4314;83161;5358;40;50;9;5001;97928;53.72
2018;1;Cordoba;13;349342;326894;13178;13237;11275;713926;2810;23922;222815;1043;266259;57137;29228;100049;713991;63.52
2018;1;Corrientes;11;56937;35225;888;1334;330;94417;110;5005;37152;24038;19068;589;3256;0;94420;32.66
2018;1;Entre Rios;10;106998;75751;3789;10776;800;197394;180;8861;90080;45599;37401;9818;5071;0;196848;48.68
2018;1;Formosa;11;23556;7095;17;1603;570;32328;111;3803;10092;5117;10061;1091;1046;0;32320;21.4
2018;1;Jujuy;7;33856;10456;23;280;430;44406;3450;4807;27219;8044;3925;490;4;0;44393;23.12
2018;1;La Pampa;4;10807;51389;8386;10556;1926;83064;2450;8119;67104;1616;1076;6140;98;30503;82375;71.75
2018;1;La Rioja;6;16960;34984;13;2530;350;52245;90;1485;40680;4217;5831;190;1;0;52242;51.44
2018;1;Mendoza;6;152931;36872;3086;6206;1852;200947;200;1662;164599;5010;2660;190;72;330788;200927;37.07
2018;1;Misiones;12;56311;46880;328;50;560;103580;480;47;35820;23291;26223;10241;3219;0;103542;30.96
2018;1;Neuquen;12;46714;55072;1000;12404;2713;117903;1396;2367;59468;1311;29012;9709;7378;60105;116746;61.52
2018;1;Rio Negro;9;68769;31712;1251;4259;5128;111119;4090;5333;74894;5300;17997;4972;3129;30975;111239;49.82
2018;1;Salta;9;79936;51534;118;2040;1391;133183;1160;4459;60334;33088;30771;5145;88;0;134001;39.78
2018;1;San Juan;6;54080;5068;826;2246;1048;63268;220;1058;57078;110;0;30;0;50068;63240;32.61
2018;1;San Luis;6;11104;7594;368;160;2314;21396;570;1010;11920;110;0;70;2;90284;21382;15.15
2018;1;Santa Cruz;5;18615;4474;1799;6734;2783;34405;260;1200;28600;6550;1000;10;3;40267;33772;33.55
2018;1;Santa Fe;11;341997;300421;10674;11636;15298;680026;1359;33639;262008;108576;1889;39589;22801;230181;680053;62.28
2018;1;Santiago Del Estero;6;26788;54594;23;1432;810;82918;410;291;41298;18914;3449;330;2;170589;84236;34.99
2018;1;Tierra Del Fuego;6;19372;9663;531;10;2047;31614;60;3070;33987;20;0;0;0;10700;34409;65.2
2018;1;Tucuman;9;158611;8921;107;3680;500;168057;160;7472;78811;45675;26405;1218;7082;10305;167984;41.18
2017;4;Buenos Aires;13;1241172;1718013;131181;60082;31448;3181896;3865;55046;1551194;264645;712513;33514;151747;1140182;3188332;57.61
2017;4;Capital Federal;15;571363;961688;36277;3119;9877;1582324;3140;31411;517018;28404;45812;178396;114939;0;1584238;122.9
2017;4;Catamarca;8;27083;263;11;10;22;29558;340;3182;15315;5904;2927;430;2;20151;29558;28.62
2017;4;Chaco;12;55035;39690;389;3800;1121;96615;700;3432;37144;24088;20123;729;3289;10035;96471;30.81
2017;4;Chubut;5;56378;15097;1187;1407;6708;93440;670;4313;83676;5355;70;50;9;0;93432;51.46
2017;4;Cordoba;12;349710;324709;12778;12043;10739;709979;2910;25411;280837;102892;217602;40898;24251;80429;700611;63.33
2017;4;Corrientes;10;56786;34722;894;1334;350;93771;110;522;41080;23686;16046;5053;2675;0;93771;32.52
2017;4;Entre Rios;9;107764;73692;1894;10267;860;193703;1685;9078;95466;45189;3001;7958;4113;0;193499;47.89
2017;4;Formosa;10;23410;6973;19;1603;510;32056;111;4061;13220;4867;6996;9770;824;0;32055;21.27
2017;4;Jujuy;7;33844;9626;20;280;340;43552;3450;5364;26566;7721;3507;440;3;0;43550;22.74
2017;4;La Pampa;4;10808;50495;8272;10569;1927;82071;3100;8729;66053;1227;7920;3910;81;30503;81086;71.05
2017;4;La Rioja;6;16912;34984;14;2530;310;52194;90;1488;40777;4083;5813;220;3;0;52195;51.57
2017;4;Mendoza;6;152896;16114;3015;6206;192;180151;260;1656;177646;4380;2780;290;81;0;180154;33.33
2017;4;Misiones;11;56271;47470;95;50;540;103895;1053;39;41723;23131;22262;9091;2735;0;103895;31.14
2017;4;Neuquen;11;46739;54119;1017;12404;2692;116971;1396;2372;68036;1325;22781;7528;6300;60105;115843;61.24
2017;4;Rio Negro;8;68690;30451;1250;4259;5114;109764;4090;5598;81078;4850;12502;3447;2440;30719;109678;49.38
2017;4;Salta;8;80705;50446;127;1580;1376;132812;6360;4275;73284;32842;18968;3559;84;0;133648;39.8
2017;4;San Juan;6;54079;451;812;2246;1036;58624;220;1062;57525;90;0;20;2;0;58622;30.3
2017;4;San Luis;6;11104;1119;335;170;2329;14904;590;1010;12822;80;0;10;7;10902;14900;10.59
2017;4;Santa Cruz;5;18614;1668;582;4638;395;29452;680;780;29073;6550;1000;10;3;0;29978;28.91
2017;4;Santa Fe;10;341680;293831;10602;10965;15382;672460;3109;34132;309998;108939;151329;30736;19602;140119;671964;61.71
2017;4;Santiago Del Estero;6;27313;40407;19;1025;800;68844;410;3091;43544;18773;3359;320;2;0;68842;29.13
2017;4;Tierra Del Fuego;5;19372;6906;530;10;2045;28854;60;3100;31334;20;0;0;0;0;31652;59.89
2017;4;Tucuman;9;156583;5223;105;1020;3190;162332;1050;8164;78750;45241;24318;1303;4367;0;162248;39.9
2017;3;Buenos Aires;8;1288025;1571180;124920;35058;38777;3057960;6577;51411;1733479;311652;676137;140812;108400;0;3028468;55.63
2017;3;Capital Federal;11;583249;941092;33481;2814;9723;1570359;2830;33924;590689;311411;4263;120675;91917;0;1575199;121.86
2017;3;Catamarca;5;26873;4411;12;10;2181;33478;520;3204;15383;5758;2563;500;1;0;27011;32.49
2017;3;Chaco;8;54888;37307;456;360;1072;93759;950;3496;40059;23008;20307;3827;2004;0;92796;29.98
2017;3;Chubut;3;56359;5645;1217;13503;682;83544;4360;3989;71843;2336;30;0;0;0;78607;46.22
2017;3;Cordoba;9;344580;319360;10579;7137;14988;696644;3270;26154;309161;100113;189302;38131;16741;0;679929;62.31
2017;3;Corrientes;7;56247;33993;947;1334;270;92548;240;5629;44305;22785;15576;2635;1607;0;92561;32.17
2017;3;Entre Rios;7;107774;69596;1786;6245;630;185464;1691;7545;98032;42947;29011;3878;2397;0;185501;45.96
2017;3;Formosa;7;22647;6816;428;2202;120;32105;1063;3716;13752;5187;6056;8990;459;0;31132;21.35
2017;3;Jujuy;5;33796;9395;20;230;80;43242;3370;5723;26835;7369;2962;410;2;0;43269;22.65
2017;3;La Pampa;3;11378;49679;5153;11536;1944;79690;3430;8244;64794;8550;5880;3270;51;0;75202;69.14
2017;3;La Rioja;5;16638;34984;14;2520;250;51913;160;1497;40882;3899;5604;230;3;0;51924;51.47
2017;3;Mendoza;4;154036;33788;2772;290;1866;192491;320;950;158461;1150;670;290;19;0;158818;35.7
2017;3;Misiones;8;56472;43880;110;50;90;100476;1058;4123;42900;22808;23913;3843;1881;0;100526;30.21
2017;3;Neuquen;8;48001;52468;1044;11576;2695;115784;2036;1457;72532;1034;20213;7067;4937;0;109276;60.83
2017;3;Rio Negro;5;69301;30018;1106;3054;4017;107496;4220;5641;83900;3060;10116;2965;1659;0;105009;48.52
2017;3;Salta;6;80782;50284;127;1580;1167;132518;6450;4494;78830;32433;1462;2315;63;0;133400;39.84
2017;3;San Juan;3;54499;5068;816;1053;1013;62449;310;1077;57582;10;0;20;2;0;58695;32.37
2017;3;San Luis;4;11407;7576;347;260;2363;21719;630;30;12325;70;0;10;7;0;12406;15.48
2017;3;Santa Cruz;4;19220;5487;1544;4552;2887;33690;1880;230;29102;5420;660;330;1;0;29955;33.29
2017;3;Santa Fe;8;322953;290655;6338;4897;37499;662342;3116;34019;320017;104453;125339;24536;12982;0;624462;60.91
2017;3;Santiago Del Estero;5;27733;54096;19;9110;350;82794;690;3288;40435;18489;3047;300;2;0;65360;35.12
2017;3;Tierra Del Fuego;3;21587;7012;622;10;2244;31466;90;2970;33858;0;0;0;0;0;34164;65.74
2017;3;Tucuman;6;154130;6431;106;400;3050;161012;1090;8948;83070;45302;20514;1361;655;0;159959;39.7
2017;2;Buenos Aires;7;1378549;1535037;119132;21555;24358;3078631;7548;47472;1910156;299009;573298;93059;46178;0;2976720;56.27
2017;2;Capital Federal;9;615262;932466;38628;2819;11016;1600191;5560;35663;726223;30497;378571;80234;37977;0;1564194;124.06
2017;2;Catamarca;5;26401;255;14;10;340;26705;150;3318;15655;5325;2342;470;1;0;26703;25.98
2017;2;Chaco;8;54449;35613;458;520;390;90611;1910;3733;42590;22349;18044;3157;545;0;90609;29.05
2017;2;Chubut;3;43994;1067;916;13194;4804;63975;4030;4186;73760;188;0;0;0;0;80229;35.55
2017;2;Cordoba;7;341748;303488;4451;6446;1505;657638;2510;26862;370865;88479;146683;20351;5069;0;658560;58.97
2017;2;Corrientes;7;55262;33192;258;1354;310;90097;150;5912;46483;21776;13043;2218;647;0;90094;31.39
2017;2;Entre Rios;6;108309;67650;254;6448;710;182732;168;7944;104422;418;23524;2604;823;0;182797;45.39
2017;2;Formosa;6;22493;6410;17;1023;130;29956;1486;3419;14787;4795;4583;7490;139;0;29958;19.97
2017;2;Jujuy;5;33742;8858;22;0;350;42657;3110;5877;26915;6974;2538;420;1;0;42658;22.4
2017;2;La Pampa;3;12754;48310;5194;6253;5110;73022;3560;8633;59045;5580;3360;2440;21;0;69193;63.49
2017;2;La Rioja;6;16244;0;15;20;280;16289;90;1554;9304;3599;1796;240;2;0;16288;16.2
2017;2;Mendoza;4;153331;13030;2581;270;1784;170753;1090;240;177203;920;500;50;22;0;177505;31.76
2017;2;Misiones;8;56752;42925;103;50;90;99794;1011;4447;47244;22033;21599;2892;570;0;99796;30.09
2017;2;Neuquen;7;51794;50283;1133;11545;2678;117433;1542;1395;81272;8490;18051;4774;1703;0;109586;61.91
2017;2;Rio Negro;5;67038;29147;961;3213;126;101619;9730;5606;88085;2450;799;1921;559;0;105379;46.02
2017;2;Salta;6;80184;27280;115;1580;8040;108541;5940;4719;67576;23185;11333;1068;76;0;108551;32.74
2017;2;San Juan;3;48670;451;772;1073;9150;51881;150;1930;58588;0;0;0;4;0;58800;26.96
2017;2;San Luis;4;11432;1120;354;260;3750;13307;80;40;14014;0;0;10;2;0;14029;9.51
2017;2;Santa Cruz;4;15311;2722;1365;4735;2255;26388;1880;240;30913;5410;660;330;0;0;31765;26.25
2017;2;Santa Fe;7;329813;228102;3234;4958;1173;567280;4967;38721;311830;92854;97563;16794;4275;0;567004;52.27
2017;2;Santiago Del Estero;5;28337;3900;19;9110;290;33196;260;3539;20384;6432;2802;160;0;0;33199;14.12
2017;2;Tierra Del Fuego;3;22636;6905;665;10;235;32557;160;2850;35409;0;0;0;0;0;35710;68.46
2017;2;Tucuman;6;149013;5223;116;140;450;154411;960;9236;83342;42536;17788;1371;21;0;154390;38.19
2017;1;Buenos Aires;7;1559178;1465817;118839;212;24342;3189376;6017;83918;2057698;402315;52354;90937;22299;0;3186724;58.57
2017;1;Capital Federal;8;428801;918328;38259;273;10928;1399046;5100;1409;678922;218487;277195;66536;19881;0;1262940;108.37
2017;1;Catamarca;5;26020;248;14;10;340;26317;150;3328;15861;4901;2161;490;0;0;26315;25.66
2017;1;Chaco;7;54430;34277;252;520;390;89050;1910;3835;44544;21467;15671;3025;314;0;89047;28.62
2017;1;Chubut;3;43994;999;916;13194;4793;63896;4010;4182;73759;1808;0;0;0;0;80150;35.66
2017;1;Cordoba;7;335673;293479;4871;5782;1394;641199;500;28732;391556;82011;118643;19035;2071;0;642098;57.65
2017;1;Corrientes;6;54993;31994;236;1354;310;88608;150;604;48149;20586;11468;2044;303;0;88605;30.94
2017;1;Entre Rios;6;108509;65095;230;6448;710;180353;168;808;108379;39146;20562;2254;317;0;180418;44.91
2017;1;Formosa;6;22438;6215;16;1023;130;29705;1535;3538;15473;4446;4058;6350;22;0;29707;19.84
2017;1;Jujuy;4;33869;9278;22;0;340;43203;3300;6213;27824;6486;2306;440;0;0;43203;22.76
2017;1;La Pampa;3;12754;47195;5194;6253;5170;71913;3620;9279;57739;3310;1920;1650;11;0;68079;62.67
2017;1;La Rioja;5;16180;0;15;20;280;16225;90;1578;9486;3409;1718;220;2;0;16224;16.2
2017;1;Mendoza;4;153326;13030;2581;270;1769;170733;1060;150;177201;860;500;50;22;0;177485;31.84
2017;1;Misiones;7;57363;40142;101;50;80;97619;101;4665;45950;23847;19356;2627;166;0;97621;29.52
2017;1;Neuquen;6;51771;48109;1124;11665;267;115339;1547;1418;83813;9020;1513;4223;458;0;107491;61.02
2017;1;Rio Negro;4;67075;28785;954;3213;1261;101288;9860;5647;89622;2460;6738;1594;200;0;105033;46.03
2017;1;Salta;5;79837;26845;114;1580;6790;107633;5790;4861;70922;21554;9386;2670;74;0;107643;32.58
2017;1;San Juan;3;48670;451;772;1073;9070;51873;80;1920;58588;0;0;0;4;0;58792;27.04
2017;1;San Luis;4;11432;1120;354;260;3750;13307;80;40;14014;0;0;10;2;0;14029;9.55
2017;1;Santa Cruz;4;15502;2722;1272;4733;2257;26486;1900;230;31078;4740;680;300;0;0;31863;26.52
2017;1;Santa Fe;6;327458;226094;3210;4948;1172;562882;4966;39463;340418;77152;83008;15775;1831;0;562613;51.97
2017;1;Santiago Del Estero;5;29616;3900;19;9110;290;34475;260;3772;21659;6218;2786;170;0;0;34478;14.7
2017;1;Tierra Del Fuego;3;22636;6905;665;10;235;32557;160;2850;35409;0;0;0;0;0;35710;68.92
2017;1;Tucuman;6;147373;5223;116;140;450;152771;960;9682;86470;39155;15951;1383;13;0;152750;37.9
2016;4;Buenos Aires;6;1563542;1414676;118747;21394;24342;3142701;6055;86281;2085605;403575;467398;72348;17279;0;3138541;61.24
2016;4;Capital Federal;8;434835;914952;38161;2583;10928;1401459;5170;1477;704324;225723;264582;53506;16756;0;1266885;120.63
2016;4;Catamarca;5;26735;250;14;10;340;27034;150;3478;16519;4889;2077;540;0;0;27032;26.54
2016;4;Chaco;7;54974;33534;248;520;390;88847;1910;3983;45634;21323;14887;2586;250;0;88854;28.79
2016;4;Chubut;3;43994;955;916;13107;4793;63765;4010;4493;73951;1352;0;0;0;0;80197;36.07
2016;4;Cordoba;6;337368;289344;3368;5686;7890;636555;500;2938;404645;77966;108368;15458;1606;0;637473;57.7
2016;4;Corrientes;6;54981;31497;233;1354;310;88096;150;6109;48995;20187;10908;1645;234;0;88093;30.98
2016;4;Entre Rios;6;109359;64141;226;6448;710;180245;168;8253;110296;38491;19509;1801;280;0;180310;45.21
2016;4;Formosa;6;22400;6061;16;1023;130;29513;1573;3519;15791;4114;3855;6490;17;0;29518;19.85
2016;4;Jujuy;4;33838;8731;22;0;340;42625;3030;6225;27778;6143;2134;430;0;0;42626;22.65
2016;4;La Pampa;3;12754;47245;5054;6253;5220;71828;3680;9789;56694;160;3350;1320;11;0;67345;63.02
2016;4;La Rioja;5;16270;0;16;20;280;16316;90;1646;9635;3334;1675;130;3;0;16315;16.46
2016;4;Mendoza;4;153320;13030;2579;270;1769;170725;1140;160;177194;790;490;50;20;0;177477;32.11
2016;4;Misiones;7;57983;39294;100;50;80;97390;101;4783;47454;23433;18371;2215;126;0;97392;29.72
2016;4;Neuquen;6;51742;46389;1124;1191;267;113835;1539;1406;84859;7920;14153;3073;271;0;106093;60.87
2016;4;Rio Negro;4;67057;28474;954;3274;1261;101020;9980;2953;92967;2480;6317;1174;122;0;104779;46.39
2016;4;Salta;5;79389;26657;110;1580;6210;106935;5770;5027;71636;20787;8611;2390;70;0;106947;32.69
2016;4;San Juan;3;48670;451;772;1121;9070;51921;80;2200;58608;0;0;0;4;0;58840;27.29
2016;4;San Luis;4;11432;1120;354;260;3750;13307;80;40;14014;0;0;10;2;0;14029;9.64
2016;4;Santa Cruz;4;15607;2722;1055;4823;2257;26464;1890;230;31369;3420;800;100;0;0;32013;27.05
2016;4;Santa Fe;6;326721;225792;3201;4946;1172;561832;4966;40102;349722;74401;77667;13155;1529;0;561542;52.19
2016;4;Santiago Del Estero;5;30192;3900;19;9110;290;35051;260;3925;22246;6178;2664;150;0;0;35054;15.07
2016;4;Tierra Del Fuego;3;22636;6905;665;10;235;32557;160;2850;35409;0;0;0;0;0;35710;70.31
2016;4;Tucuman;6;146995;4482;116;140;450;151652;960;10021;87994;37721;14389;14;10;0;151631;37.98
2016;3;Buenos Aires;6;1574216;1355770;113463;18867;24276;3086592;5856;107945;2148475;39353;399116;529;13318;0;3121140;60.14
2016;3;Capital Federal;7;447726;905105;36796;2514;10963;1403104;3310;9950;759028;208249;240856;38341;13886;0;1261686;120.77
2016;3;Catamarca;5;26689;248;14;10;180;26970;150;4038;16183;4845;1853;500;0;0;26984;26.48
2016;3;Chaco;7;56251;32730;232;20;150;89230;1900;5227;46821;21193;13746;2022;217;0;89416;28.91
2016;3;Chubut;3;43987;935;916;13364;475;63952;4660;519;74375;6740;0;0;0;0;80705;36.18
2016;3;Cordoba;6;348481;285480;2540;5695;3950;642591;480;41329;415075;75988;99225;11691;1322;0;644678;58.24
2016;3;Corrientes;6;55934;30813;217;1354;220;88340;150;7425;49471;19956;10006;1263;210;0;88346;31.07
2016;3;Entre Rios;6;112588;61850;206;6441;640;181149;1768;10657;110844;38665;17737;1307;248;0;181226;45.44
2016;3;Formosa;5;21800;5905;9;0;20;27716;1723;4277;15581;3964;3658;6480;10;0;29861;18.64
2016;3;Jujuy;4;34250;8236;22;0;300;42538;2860;6878;27425;5943;1978;310;0;0;42541;22.61
2016;3;La Pampa;3;12751;45952;4910;6236;5150;70364;3740;10187;55792;150;2240;1140;11;0;66717;61.73
2016;3;La Rioja;5;16891;0;15;20;220;16930;90;2349;9686;3316;1562;110;2;0;16935;17.07
2016;3;Mendoza;4;153233;13030;2576;280;1757;170624;370;100;178186;730;480;50;17;0;178376;32.09
2016;3;Misiones;7;59776;38130;79;50;70;97997;101;603;48871;23394;17043;1559;91;0;97998;29.91
2016;3;Neuquen;5;51752;44739;1093;12402;2617;112603;1531;1527;87404;6800;12541;2118;225;0;106026;60.21
2016;3;Rio Negro;4;67043;28496;942;3293;1252;101026;1007;6026;90689;2070;5953;7900;99;0;104771;46.39
2016;3;Salta;5;80866;26113;90;1570;5650;107791;1107;6922;71214;20229;8099;1970;50;0;107818;32.96
2016;3;San Juan;3;48670;451;770;1174;9030;51968;80;2450;58577;0;0;0;2;0;58832;27.32
2016;3;San Luis;4;11432;1113;354;230;3710;13293;70;40;14077;0;0;10;2;0;14091;9.63
2016;3;Santa Cruz;4;15570;2722;817;4978;217;26257;1890;220;31904;2210;520;90;0;0;32397;26.84
2016;3;Santa Fe;6;334911;223011;3037;4862;119;567011;3958;49501;360606;72657;69864;1021;1308;0;568104;52.67
2016;3;Santiago Del Estero;5;31730;3900;19;30;80;35660;260;5097;22747;6216;2497;90;0;0;36592;15.33
2016;3;Tierra Del Fuego;3;22636;6276;665;10;2347;31925;160;2850;35080;0;0;0;0;0;35381;68.94
2016;3;Tucuman;6;147259;3850;116;530;410;151319;1270;12247;87970;36518;1315;1288;4;0;151304;37.9
2016;2;Buenos Aires;5;1579448;1305949;113070;21163;25661;3045291;10786;133385;2250898;335296;334723;31494;11933;0;3108515;59.34
2016;2;Capital Federal;7;450644;892209;36669;239;12672;1394584;4352;1736;859039;146091;21301;19597;13477;0;1257302;120.04
2016;2;Catamarca;4;26262;245;14;10;340;26556;150;5736;14742;4567;1496;470;1;0;26604;26.07
2016;2;Chaco;6;56112;31825;221;520;410;88251;1970;8063;45823;20346;1209;1571;201;0;88291;28.59
2016;2;Chubut;3;43977;867;916;13293;4803;63856;5720;5421;73078;7750;0;0;0;0;79846;36.12
2016;2;Cordoba;6;348891;277615;1709;561;1089;634914;2580;5705;437547;7198;82618;8355;1242;0;659050;57.55
2016;2;Corrientes;6;55511;29845;203;1354;430;86956;410;10018;47916;192;8851;8030;191;0;87020;30.58
2016;2;Entre Rios;5;112809;58768;169;6434;1930;178373;4734;16368;115000;36917;15522;8490;205;0;189595;44.74
2016;2;Formosa;5;22101;5658;6;1023;140;28802;1675;5401;14370;3569;3218;5930;10;0;28836;19.37
2016;2;Jujuy;4;33758;7374;22;0;350;41189;2561;8292;25301;5589;175;30;0;0;43496;21.89
2016;2;La Pampa;3;12754;44654;4708;6225;5470;68888;4290;10616;63928;150;1190;960;11;0;75214;60.44
2016;2;La Rioja;5;16691;0;15;20;280;16736;100;3151;9043;319;1344;30;5;0;16746;16.88
2016;2;Mendoza;4;153321;13030;2576;290;1868;170824;4370;300;176922;610;440;50;20;0;177519;32.13
2016;2;Misiones;6;59573;36145;77;50;150;95815;1973;7899;49586;21385;1482;1073;96;0;96832;29.24
2016;2;Neuquen;5;51742;42370;1088;12466;2849;110515;1916;1691;88854;5830;10241;1285;208;0;104778;59.1
2016;2;Rio Negro;4;67031;28100;939;33;1334;100704;1189;6107;92158;1940;4877;5200;86;0;105131;46.24
2016;2;Salta;5;79438;24719;85;1510;5390;104932;216;10123;70875;18759;7129;1400;49;0;109235;32.08
2016;2;San Juan;3;48670;451;770;1214;9080;52013;100;2730;57589;0;0;0;4;0;57876;27.34
2016;2;San Luis;4;11432;1063;354;300;3770;13256;120;40;13931;0;0;10;2;0;13950;9.6
2016;2;Santa Cruz;4;15453;2722;396;4996;2586;26153;2440;260;31995;1420;200;0;0;0;32427;26.73
2016;2;Santa Fe;5;336244;219088;2981;4744;1417;564474;9486;67325;374960;68505;60469;6509;1277;0;588531;52.44
2016;2;Santiago Del Estero;4;32101;3900;19;9110;300;36961;7040;6705;22208;5943;2108;10;0;0;37669;15.89
2016;2;Tierra Del Fuego;3;22636;5707;665;10;235;31359;160;2860;38773;0;0;0;0;0;39075;67.72
2016;2;Tucuman;5;145486;2968;116;580;490;148677;2310;18515;83945;33891;1131;1032;2;0;148926;37.24
2016;1;Buenos Aires;5;1583560;1200859;111231;21108;25757;2942515;7351;9788;2214760;289929;247372;8315;9529;0;2875136;57.34
2016;1;Capital Federal;6;454425;832126;36332;2284;12729;1337896;231;43686;869048;178665;192644;6577;10838;0;1303768;115.16
2016;1;Catamarca;4;26096;243;15;10;340;26389;150;6102;14653;4241;1334;420;1;0;26388;25.91
2016;1;Chaco;6;56353;29994;211;520;410;86651;1940;8755;46304;19388;10587;1238;184;0;86650;28.08
2016;1;Chubut;3;43967;834;916;1328;4803;63800;940;5095;72396;1066;0;0;0;0;78651;36.09
2016;1;Cordoba;5;350884;252346;674;5636;3860;609926;1480;59484;414452;65763;66455;4143;1039;0;611484;55.28
2016;1;Corrientes;5;55454;28491;192;1354;450;85536;290;1069;47833;18375;7911;5260;170;0;85534;30.08
2016;1;Entre Rios;5;113101;54948;146;6425;1930;174813;2864;17749;104137;35104;14057;4570;165;0;174533;43.85
2016;1;Formosa;5;21852;5420;5;1023;140;28314;1738;5731;14163;3229;2906;5440;5;0;28316;19.04
2016;1;Jujuy;4;33481;6751;22;0;350;40289;2543;8558;22383;5188;1623;0;0;0;40295;21.41
2016;1;La Pampa;3;12754;41881;4536;6209;5490;65929;4260;11065;52117;150;780;710;11;0;63783;57.84
2016;1;La Rioja;5;16645;0;16;20;280;16691;100;3382;9060;298;1254;20;3;0;16691;16.83
2016;1;Mendoza;4;153299;13030;2576;340;1871;170810;2350;210;175376;470;430;50;17;0;175744;32.12
2016;1;Misiones;6;59538;33330;70;50;150;92958;9590;8502;50061;19195;13363;7790;68;0;92927;28.37
2016;1;Neuquen;4;51702;36122;1085;12502;285;104261;172;1737;86310;4790;7893;1430;171;0;98453;55.75
2016;1;Rio Negro;4;66894;27312;937;3341;1338;99822;1171;6105;90038;2030;4246;770;81;0;101921;45.84
2016;1;Salta;5;78973;22741;73;1320;5070;102426;1119;10765;65646;17748;6643;1190;31;0;102071;31.32
2016;1;San Juan;3;48670;451;770;1195;9080;51994;90;3090;56447;0;0;0;2;0;56767;27.33
2016;1;San Luis;4;11432;1042;354;270;3770;13232;80;40;13645;0;0;10;2;0;13660;9.59
2016;1;Santa Cruz;3;15654;2723;396;5088;2426;26287;1680;290;32188;80;0;0;0;0;32393;26.87
2016;1;Santa Fe;5;338052;204816;3014;4686;1428;551996;6492;71565;353525;64117;51293;3754;1063;0;551809;51.28
2016;1;Santiago Del Estero;4;32838;3900;19;9110;300;37698;7030;7219;22805;5769;1898;0;0;0;38394;16.21
2016;1;Tierra Del Fuego;3;22636;4834;665;10;235;30486;160;2850;33003;0;0;0;0;0;33304;65.83
2016;1;Tucuman;5;144233;2165;116;740;490;146637;1060;20092;84008;3149;10046;8710;0;0;146613;36.72
2015;4;Buenos Aires;5;1586343;1223603;103269;20397;25773;2959385;7985;100303;2253197;27456;240188;3835;8180;0;2888246;58.29
2015;4;Capital Federal;6;455427;879950;19818;2273;12758;1370226;2417;46568;916813;172029;198635;3087;10899;0;1350450;118.13
2015;4;Catamarca;4;26180;242;15;10;340;26472;150;6513;14484;4106;1313;390;1;0;26471;26.24
2015;4;Chaco;6;56818;29456;186;520;410;86553;1940;9593;46771;18608;10092;1136;159;0;86553;28.35
2015;4;Chubut;3;43968;811;916;13521;4803;64019;6250;5774;71881;1680;0;0;0;0;78448;36.89
2015;4;Cordoba;5;353530;266062;480;5613;3850;626070;1480;63746;427471;62989;67151;3336;1088;0;625929;57.36
2015;4;Corrientes;5;55681;28178;177;1354;450;85435;290;11248;48104;17877;7569;4560;150;0;85433;30.34
2015;4;Entre Rios;5;113983;53411;122;6427;1940;174137;2865;18883;104224;33989;13668;3990;163;0;174191;44.11
2015;4;Formosa;5;21734;5314;4;1023;140;28089;1791;6081;14279;2704;2713;5190;4;0;28091;19.07
2015;4;Jujuy;4;32934;6933;22;0;350;39924;2551;8876;21867;5044;1587;0;0;0;39925;21.47
2015;4;La Pampa;3;12755;42705;4327;6205;3740;66366;5920;12951;48798;160;630;490;10;0;62479;58.76
2015;4;La Rioja;5;16886;0;16;20;280;16932;100;3638;9127;2937;1215;20;3;0;16932;17.32
2015;4;Mendoza;4;153293;13030;2572;380;1874;170807;2410;230;174719;380;410;50;13;0;175080;32.49
2015;4;Misiones;6;60252;32533;48;50;150;92853;9590;9169;51029;17281;1369;6750;52;0;92855;28.69
2015;4;Neuquen;4;51680;38902;1048;12934;2852;107416;1727;2061;89678;4550;7934;90;175;0;102039;58.29
2015;4;Rio Negro;4;66851;27221;915;3407;1328;99722;3282;4473;89062;2010;4024;50;75;0;101122;46.44
2015;4;Salta;5;78744;22446;47;1290;5540;101920;1122;11387;65677;17139;6507;990;5;0;101936;31.59
2015;4;San Juan;3;48670;451;770;123;9080;52029;90;3860;55761;0;0;0;2;0;56158;27.66
2015;4;San Luis;4;11432;1025;354;300;3770;13218;80;40;13473;0;0;10;2;0;13488;9.71
2015;4;Santa Cruz;3;15614;2723;396;5261;2409;26403;1880;260;32338;30;0;0;0;0;32555;27.74
2015;4;Santa Fe;5;339843;212911;2885;4596;1437;561672;6659;7577;361264;60985;51258;3079;1189;0;560204;52.61
2015;4;Santiago Del Estero;4;33582;4365;19;1139;300;39135;7030;7836;23074;5669;1856;0;0;0;39138;17.0
2015;4;Tierra Del Fuego;3;22636;4301;665;10;235;29953;160;2850;32662;0;0;0;0;0;32963;66.46
2015;4;Tucuman;5;144188;1653;116;880;500;146095;1070;218;83887;29942;9507;8370;0;0;146080;37.06
2015;3;Buenos Aires;5;1585467;1183894;113590;19989;25825;2928765;8361;107351;2266948;262564;200491;2642;7720;0;2856078;57.69
2015;3;Capital Federal;6;454815;871262;30974;2229;12788;1372068;2448;4934;942525;159618;175594;2028;10022;0;1341574;118.29
2015;3;Catamarca;4;25801;242;15;10;340;26093;150;6871;14206;4143;8120;430;1;0;26091;25.86
2015;3;Chaco;5;56282;28809;186;520;410;85370;2400;10353;47131;19016;7498;9790;157;0;85374;27.96
2015;3;Chubut;3;43964;792;916;13408;4803;63883;6410;5886;71668;1670;0;0;0;0;78362;36.81
2015;3;Cordoba;5;351692;264055;1450;5412;3890;622998;1500;68765;429787;61109;59372;2582;1048;0;622813;57.08
2015;3;Corrientes;5;55792;27604;176;134;470;84959;330;11921;48127;18168;6111;4530;146;0;84959;30.17
2015;3;Entre Rios;5;113909;51945;122;6261;1970;172434;2863;20385;103990;34788;9924;3840;153;0;172487;43.68
2015;3;Formosa;4;21573;5264;2;8990;140;27752;1862;6521;14354;2791;1842;3790;2;0;27751;18.84
2015;3;Jujuy;4;32598;6895;22;0;350;39550;2549;9278;21588;5169;9660;0;0;0;39550;21.27
2015;3;La Pampa;3;12755;41886;4078;6195;5570;65471;6130;13087;47660;90;550;390;10;0;61473;57.96
2015;3;La Rioja;4;16725;0;16;20;280;16771;100;384;9102;2984;8320;0;3;0;16771;17.15
2015;3;Mendoza;4;153299;13030;2572;420;188;170823;2560;250;173430;450;180;50;13;0;173792;32.49
2015;3;Misiones;6;59921;31635;46;50;150;91622;9580;9809;51234;17367;11654;5590;43;0;91624;28.31
2015;3;Neuquen;4;47102;36620;1045;13051;2798;100616;1733;2124;85044;2100;6599;20;155;0;95867;54.6
2015;3;Rio Negro;4;66806;27130;917;3415;1346;99614;3372;4457;88691;990;3826;10;62;0;100508;46.39
2015;3;Salta;4;78064;21688;47;1290;6450;100573;1126;12223;65405;17451;4318;610;5;0;100589;31.18
2015;3;San Juan;3;48670;451;770;1231;9080;52030;90;3910;54963;0;0;0;2;0;55365;27.67
2015;3;San Luis;4;11432;1025;354;310;3770;13219;90;40;13286;0;0;10;2;0;13302;9.71
2015;3;Santa Cruz;3;15540;2718;396;5226;2391;26271;1900;250;32266;20;0;0;0;0;32483;27.61
2015;3;Santa Fe;5;337042;209673;4169;4426;1428;556738;6767;80817;363177;59531;42021;232;1133;0;555766;52.15
2015;3;Santiago Del Estero;4;33886;4365;19;1097;300;39397;7030;8332;23158;5956;1249;0;0;0;39398;17.12
2015;3;Tierra Del Fuego;3;22636;8085;665;10;235;33737;150;2850;36408;20;0;0;0;0;36710;74.86
2015;3;Tucuman;5;142925;1135;116;880;500;144314;1070;23687;83654;29998;6232;6230;0;0;144301;36.61
2015;2;Buenos Aires;4;1581770;1141052;115660;19268;2604;2883790;8714;137189;2299705;243503;159922;201;6712;0;2857754;56.8
2015;2;Capital Federal;5;453178;858342;19786;2172;12806;1346284;2493;51799;990112;148569;142976;1482;9258;0;1346690;116.07
2015;2;Catamarca;4;25387;242;15;10;340;25679;150;7253;14003;3776;5930;370;1;0;25678;25.45
2015;2;Chaco;5;55767;27809;179;520;410;83848;2880;11058;47551;17675;6337;7880;149;0;83846;27.46
2015;2;Chubut;3;43949;762;916;13055;4803;63485;6560;6032;55791;1680;0;0;0;0;62647;36.58
2015;2;Cordoba;5;348130;255596;435;5199;3860;609746;1560;72695;434717;54993;46415;1956;903;0;611835;55.87
2015;2;Corrientes;5;55238;26553;157;1321;470;83316;340;12542;48015;17184;5039;3790;126;0;83319;29.58
2015;2;Entre Rios;5;113378;49767;119;6031;1970;169492;2864;21986;104043;32293;7867;3540;136;0;169543;42.93
2015;2;Formosa;4;21097;5164;2;7370;500;27050;1881;6907;14247;2436;1324;2570;1;0;27053;18.36
2015;2;Jujuy;3;32183;5482;22;0;350;37722;2479;9474;20248;4792;7300;0;0;0;37723;20.29
2015;2;La Pampa;3;12756;40825;3719;619;5620;64052;5737;8182;46235;270;240;250;10;0;60240;56.71
2015;2;La Rioja;4;16463;0;16;20;280;16509;100;4082;9093;268;6410;0;3;0;16509;16.88
2015;2;Mendoza;4;153301;13030;2572;380;1882;170823;2680;260;170451;420;160;50;13;0;170821;32.49
2015;2;Misiones;5;59179;29283;37;50;150;88519;9580;1036;51671;15022;10072;4080;33;0;88524;27.35
2015;2;Neuquen;4;47078;34183;1044;12781;2799;97885;1755;2348;82727;2140;5168;20;110;0;92324;53.12
2015;2;Rio Negro;4;66738;26268;916;3457;1348;98727;3413;4525;87362;970;324;10;51;0;98689;45.98
2015;2;Salta;4;77214;20297;47;1290;5800;98267;1123;1302;64737;16241;3114;290;5;0;98269;30.46
2015;2;San Juan;3;48670;451;770;1189;9080;51988;80;4100;51568;0;0;0;2;0;51988;27.64
2015;2;San Luis;4;11432;1025;354;330;3770;13221;90;40;13204;0;0;10;2;0;13220;9.71
2015;2;Santa Cruz;3;15343;2707;396;4917;24;25763;2100;250;25519;20;0;0;0;0;25756;27.07
2015;2;Santa Fe;4;333117;204685;2877;432;1389;546388;6827;86016;364441;53205;33894;1856;1014;0;547253;51.18
2015;2;Santiago Del Estero;4;33873;4365;19;1091;300;39378;7030;8779;23456;5553;8880;0;0;0;39379;17.11
2015;2;Tierra Del Fuego;3;22636;7927;665;10;235;33579;150;2850;36073;20;0;0;0;0;36375;74.51
2015;2;Tucuman;4;139944;479;116;880;500;140677;1070;25178;83462;26966;4502;4550;0;0;140670;35.69
2015;1;Buenos Aires;4;1583135;1096836;134177;18754;2894;2861842;8882;123589;2267852;22007;126958;1561;5700;0;2754612;56.37
2015;1;Capital Federal;5;454934;841743;19334;1994;14716;1332721;2545;59084;1013510;134151;114569;1195;8401;0;1333455;114.9
2015;1;Catamarca;3;25033;241;16;10;410;25332;130;7634;13754;3202;5170;90;1;0;25130;25.11
2015;1;Chaco;5;54952;26161;164;270;560;81360;260;12053;47425;15883;5346;4890;135;0;81357;26.65
2015;1;Chubut;3;45645;717;906;1254;5465;65273;6510;6176;57333;1020;0;0;0;0;64262;37.61
2015;1;Cordoba;4;343883;247564;415;4645;4500;596957;1570;78427;432802;46574;37443;1615;815;0;597833;54.7
2015;1;Corrientes;5;54649;25372;129;1319;620;81531;360;13295;47842;15554;4424;2350;98;0;81484;28.95
2015;1;Entre Rios;4;112363;47411;108;5943;2450;166070;2867;23951;104168;28113;6926;2740;119;0;166418;42.07
2015;1;Formosa;3;21022;4951;1;6700;560;26700;1891;7336;14413;2024;8780;1570;1;0;26700;18.12
2015;1;Jujuy;3;31505;5048;22;0;360;36611;2458;9754;19858;3939;6030;0;0;0;36612;19.69
2015;1;La Pampa;3;13143;39571;3215;6164;6040;62697;6059;8054;45038;260;100;130;10;0;59210;55.51
2015;1;La Rioja;4;16282;0;16;20;330;16333;110;4201;9379;2207;5330;0;3;0;16334;16.7
2015;1;Mendoza;4;152433;13030;2542;290;2126;170160;2870;240;169763;380;160;60;11;0;170145;32.37
2015;1;Misiones;5;58262;26836;30;50;130;85146;9580;11136;51906;12387;8543;1940;26;0;85150;26.31
2015;1;Neuquen;4;47518;32152;1024;12088;296;95742;1895;2577;80787;1700;4067;20;76;0;89574;51.95
2015;1;Rio Negro;4;66274;25217;907;3473;1462;97333;3371;4913;86173;940;2632;20;42;0;97227;45.33
2015;1;Salta;4;76280;19781;47;1290;5740;96811;1123;14151;64992;13955;2569;150;5;0;96810;30.01
2015;1;San Juan;3;48441;451;755;1165;1007;51819;80;4450;51346;0;0;0;2;0;51801;27.55
2015;1;San Luis;4;11414;1025;351;300;4120;13232;100;80;12720;0;10;0;2;0;12741;9.72
2015;1;Santa Cruz;3;16215;2700;392;4772;2562;26641;2050;270;26048;20;0;0;0;0;26282;27.99
2015;1;Santa Fe;4;328809;199037;2845;4239;1507;536437;6883;93096;360964;4527;27597;1542;900;0;536252;50.24
2015;1;Santiago Del Estero;4;33813;4365;19;102;350;39252;7010;9236;23136;4796;7480;0;0;0;38617;17.06
2015;1;Tierra Del Fuego;3;22291;7924;657;10;2583;33456;140;6090;36319;20;0;0;0;0;36944;74.23
2015;1;Tucuman;4;137857;115;116;880;1000;138276;1070;27143;83895;23061;3722;3340;0;0;138262;35.08
2014;4;Buenos Aires;4;1575978;1070135;120528;17728;32038;2816407;8226;132937;2250445;20362;104322;9970;5406;0;2705954;56.09
2014;4;Capital Federal;5;455785;840224;17155;1962;15394;1330520;2698;62896;1038269;123451;95772;8900;7997;0;1331972;114.9
2014;4;Catamarca;3;25192;241;16;0;440;25493;210;8047;14093;291;4210;0;1;0;25493;25.51
2014;4;Chaco;4;55024;10918;31;0;620;66035;4830;12837;42106;7908;26;1240;2;0;66060;21.87
2014;4;Chubut;3;48539;697;891;12256;6159;68542;1858;6218;60392;700;0;0;0;0;68538;40.25
2014;4;Cordoba;4;345157;240452;419;3918;4860;590432;1903;85362;427844;41947;30858;1177;782;0;589873;54.7
2014;4;Corrientes;4;54754;9526;40;1315;750;65710;400;1386;42182;7513;2106;0;9;0;65710;23.56
2014;4;Entre Rios;4;112291;23027;57;5178;2600;140813;2311;27801;88649;18318;3584;10;66;0;140730;36.03
2014;4;Formosa;3;21245;4896;1;0;650;26207;1947;783;14058;1852;4730;470;1;0;26208;17.96
2014;4;Jujuy;3;31349;4583;22;370;110;36002;188;10427;19740;3443;4650;0;0;0;35955;19.6
2014;4;La Pampa;3;16043;34281;514;5894;6480;57380;6266;6879;36520;260;50;40;10;0;49710;51.27
2014;4;La Rioja;4;16352;0;17;0;330;16402;90;4333;9728;1943;3860;0;3;0;16402;17.01
2014;4;Mendoza;4;151797;13030;2534;310;2222;169614;3030;190;169222;360;140;50;12;0;169611;32.64
2014;4;Misiones;4;58435;18613;16;1500;150;77229;5470;1184;53093;8731;2952;540;12;0;77229;24.16
2014;4;Neuquen;4;47721;31778;1014;11853;303;95396;1731;2744;80938;1260;3621;20;66;0;89228;52.55
2014;4;Rio Negro;4;66307;23703;901;3819;153;96260;364;4723;85094;940;2319;40;30;0;95904;45.48
2014;4;Salta;4;76026;17289;48;60;5780;93947;540;16214;63221;12552;1922;0;4;0;93967;29.53
2014;4;San Juan;3;48653;451;740;1202;1073;52119;110;4780;51628;0;0;0;2;0;52119;28.04
2014;4;San Luis;4;11419;926;355;240;4230;13147;90;0;13135;0;0;10;2;0;13147;9.79
2014;4;Santa Cruz;3;17553;448;388;4395;2929;25713;1560;14;24145;10;10;0;0;0;25703;27.8
2014;4;Santa Fe;4;335267;183009;3205;6282;1634;529397;8707;99962;359293;36718;21098;8690;824;0;527471;50.0
2014;4;Santiago Del Estero;3;34110;4231;19;9200;370;39317;1246;8913;24181;4359;6020;0;0;0;39301;17.27
2014;4;Tierra Del Fuego;3;21948;3664;655;10;2722;28990;120;2830;31489;20;0;0;0;0;31786;66.14
2014;4;Tucuman;4;137093;97;116;130;1050;137424;170;28746;85091;20631;2733;1960;0;0;137414;35.32
2014;3;Buenos Aires;4;1562533;1110628;124474;20049;31881;2849565;7355;128187;2281524;156693;68947;2430;4232;0;2647181;56.75
2014;3;Capital Federal;4;450155;833402;17886;1995;14387;1317825;8400;78016;1060145;10217;70907;950;6626;0;1318799;113.8
2014;3;Catamarca;3;24380;244;15;0;470;24686;190;8845;13790;1915;1110;0;0;0;24680;24.71
2014;3;Chaco;3;53321;10336;29;10;590;63746;3980;14731;41934;5428;1274;50;0;0;63770;21.11
2014;3;Chubut;3;49219;668;882;11853;6515;69137;2013;6281;60771;340;0;0;0;0;69099;40.6
2014;3;Cordoba;4;340212;240334;444;4064;3770;585431;6600;98992;435692;28992;18888;840;664;0;583972;54.23
2014;3;Corrientes;3;52957;9184;31;1312;650;63549;210;15448;41717;5181;1172;0;0;0;63539;22.79
2014;3;Entre Rios;3;108907;22440;48;5203;1350;136733;1709;2971;91450;12569;131;0;48;0;136796;34.98
2014;3;Formosa;3;21021;4836;0;0;800;25937;2001;8323;14202;1324;850;0;0;0;25935;17.77
2014;3;Jujuy;3;30128;3541;22;370;130;33741;1270;10979;20216;2305;820;0;0;0;33709;18.37
2014;3;La Pampa;3;16051;33940;538;11219;6770;62425;6458;6645;41009;240;50;40;10;0;54155;55.78
2014;3;La Rioja;3;15864;0;14;10;370;15916;100;4785;9720;1337;610;0;0;0;15913;16.51
2014;3;Mendoza;4;150120;13030;2512;400;2222;167924;350;0;167763;310;120;130;1;0;167855;32.31
2014;3;Misiones;4;56933;18373;4;30;140;75327;6400;13637;53510;5928;1606;0;1;0;75322;23.57
2014;3;Neuquen;4;54458;30964;1000;12858;3087;102367;1522;3099;80090;1070;2865;100;27;0;87720;56.4
2014;3;Rio Negro;3;65264;26590;888;3533;1505;97780;364;5189;86868;870;1944;80;9;0;97745;46.2
2014;3;Salta;3;73828;18394;43;1090;5800;92954;7320;17481;66026;8314;3880;0;0;0;92941;29.22
2014;3;San Juan;3;48272;451;731;1199;1126;51779;80;4870;51276;0;0;0;0;0;51771;27.85
2014;3;San Luis;4;11303;925;355;250;4380;13046;80;0;13029;0;0;30;0;0;13040;9.71
2014;3;Santa Cruz;3;17862;492;385;4273;3098;26110;1950;1624;24248;10;10;0;0;0;26069;28.23
2014;3;Santa Fe;3;325577;183630;4407;654;7330;520887;823;112593;357615;23962;12124;380;806;0;515368;49.2
2014;3;Santiago Del Estero;3;32820;3900;19;7680;410;37548;7910;9914;23826;2867;1420;0;0;0;37540;16.49
2014;3;Tierra Del Fuego;3;21840;3469;650;10;2832;28792;120;3360;32348;20;0;0;0;0;32698;65.69
2014;3;Tucuman;3;131739;97;117;130;1000;132066;60;32716;84668;14101;5590;40;0;0;132054;33.94
2014;2;Buenos Aires;4;1568881;1025490;120008;1702;33147;2764546;6902;162274;2288772;140226;56549;2840;4309;0;2659316;55.06
2014;2;Capital Federal;4;447637;828411;17729;1883;14555;1310215;8470;81431;1078213;87359;56004;590;6427;0;1310340;113.14
2014;2;Catamarca;3;24380;243;17;0;430;24683;190;8844;13794;1915;1110;0;0;0;24683;24.7
2014;2;Chaco;3;53321;9870;30;0;580;63279;4120;14854;41530;5418;1085;50;0;0;63304;20.96
2014;2;Chubut;3;51070;649;866;1096;6974;70519;2064;6582;61868;0;0;0;0;0;70514;41.41
2014;2;Cordoba;4;337825;234729;351;3673;3740;576952;2105;101598;429536;28698;14824;760;627;0;577464;53.45
2014;2;Corrientes;3;52883;8680;31;1309;550;62958;200;15563;41219;5199;9560;0;0;0;62957;22.58
2014;2;Entre Rios;3;108900;21706;49;4795;1330;135583;2187;32781;86757;12564;1162;0;44;0;135495;34.69
2014;2;Formosa;3;20894;4628;0;0;780;25600;2032;8218;13944;1321;850;0;0;0;25600;17.54
2014;2;Jujuy;3;30128;4161;23;400;90;34361;1873;11233;18851;2305;820;0;0;0;34344;18.71
2014;2;La Pampa;3;15957;32600;513;5869;6890;55628;7032;6761;34089;180;50;40;10;0;47919;49.71
2014;2;La Rioja;3;15864;0;14;0;340;15912;100;4785;9719;1337;610;0;0;0;15912;16.5
2014;2;Mendoza;4;148979;13030;2480;360;2282;166807;350;60;166710;310;100;50;10;0;166807;32.1
2014;2;Misiones;4;56933;17594;4;1500;80;74689;5400;13644;53245;5924;1334;20;0;0;74689;23.37
2014;2;Neuquen;4;47767;29776;997;10765;2983;92288;1531;3206;79087;920;2289;20;30;0;86237;50.84
2014;2;Rio Negro;3;64920;24944;876;3657;156;95957;3468;5507;84978;780;1569;20;8;0;95610;45.33
2014;2;Salta;3;73841;17504;45;70;5770;91974;530;18818;64440;8293;3880;0;0;0;91992;28.91
2014;2;San Juan;3;48161;451;722;1139;1173;51646;100;5070;51129;0;0;0;0;0;51646;27.78
2014;2;San Luis;4;11306;925;354;220;4480;13055;70;0;13045;0;0;10;2;0;13055;9.72
2014;2;Santa Cruz;3;18956;448;381;4118;3266;27169;1530;1637;25374;20;0;0;0;0;27166;29.38
2014;2;Santa Fe;3;324101;178495;3085;6041;6360;512358;8515;115197;353559;23939;10058;340;792;0;512094;48.39
2014;2;Santiago Del Estero;3;32820;4231;19;9070;340;38011;1231;9914;23842;2867;1420;0;0;0;37996;16.7
2014;2;Tierra Del Fuego;3;21618;3008;648;10;2934;28209;120;3340;31198;20;0;0;0;0;31546;64.36
2014;2;Tucuman;3;131740;97;121;130;980;132069;60;32714;84675;14101;5590;40;0;0;132059;33.94
2014;1;Buenos Aires;4;1567685;1000879;120960;16528;33824;2739876;8469;171244;2279875;121787;38923;2060;4037;0;2624542;54.57
2014;1;Capital Federal;4;445569;820161;17767;1866;14555;1299918;8520;88826;1096050;70293;38798;550;6208;0;1301081;112.25
2014;1;Catamarca;3;24126;46;17;0;430;24232;190;9147;13330;1672;640;0;0;0;24232;24.25
2014;1;Chaco;3;52971;9497;30;0;580;62556;4380;15849;40869;4644;7410;50;0;0;62546;20.72
2014;1;Chubut;3;51066;539;866;10776;6974;70221;7452;100;61329;0;0;0;0;0;68791;41.24
2014;1;Cordoba;3;336841;225769;347;3585;3680;566910;2076;107705;423114;24112;9818;400;588;0;567453;52.52
2014;1;Corrientes;3;52565;8279;31;1306;550;62236;200;16357;40742;4486;6300;0;0;0;62235;22.32
2014;1;Entre Rios;3;107883;21379;49;4887;1330;134331;2177;35206;85248;10828;7460;0;43;0;134248;34.37
2014;1;Formosa;3;20774;4548;0;0;1000;25422;2062;8475;13685;1133;670;0;0;0;25422;17.42
2014;1;Jujuy;3;29765;4030;23;0;90;33827;1832;11498;18415;2002;560;0;0;0;33803;18.42
2014;1;La Pampa;3;15826;31305;513;5848;7010;54193;7434;6535;32501;170;50;40;10;0;46506;48.43
2014;1;La Rioja;3;15663;0;14;0;340;15711;100;5111;9390;1165;350;0;0;0;15711;16.29
2014;1;Mendoza;4;148970;12076;2480;370;2282;165845;350;60;166655;190;100;60;9;0;166740;31.91
2014;1;Misiones;3;56597;17191;4;1500;80;73950;5450;1446;52852;5139;9580;0;0;0;73954;23.14
2014;1;Neuquen;4;47790;28161;997;10381;3051;90380;4133;9870;77148;840;1582;20;22;0;83958;49.79
2014;1;Rio Negro;3;64886;24156;876;3576;1572;95066;467;4618;84304;730;1062;10;8;0;94736;44.91
2014;1;Salta;3;73131;17538;45;80;5680;91290;530;19677;64061;7192;3140;0;0;0;91297;28.7
2014;1;San Juan;3;48161;434;722;8080;1173;51298;5310;20;51056;0;0;0;0;0;51589;27.6
2014;1;San Luis;4;11306;428;354;210;4480;12557;70;30;12544;0;10;0;2;0;12557;9.35
2014;1;Santa Cruz;3;18927;100;381;4092;3264;26764;1610;1625;24972;10;10;0;0;0;26760;28.94
2014;1;Santa Fe;3;322662;174296;3059;5951;6440;506612;8456;124468;345225;20328;6845;230;668;0;506013;47.85
2014;1;Santiago Del Estero;3;32567;3598;19;9150;340;37133;1234;10531;22817;2422;1090;0;0;0;37113;16.31
2014;1;Tierra Del Fuego;3;21618;2837;648;10;2934;28038;120;6070;30902;60;0;0;0;0;31527;63.97
2014;1;Tucuman;3;129717;83;121;130;980;130032;60;34672;83210;11779;3620;30;0;0;130032;33.42
